{"static": {"bus0": {"zone": "Glen Lyn"}, "bus1": {"zone": "Claytor"}, "bus2": {"zone": "Kumis"}, "bus3": {"zone": "Hancock"}, "bus4": {"zone": "Fieldale"}, "bus5": {"zone": "Roanoke"}, "bus6": {"zone": "Blaine"}, "bus7": {"zone": "Reusens"}, "bus8": {"zone": "Roanoke"}, "bus9": {"zone": "Roanoke"}, "bus10": {"zone": "Roanoke"}, "bus11": {"zone": "Hancock"}, "bus12": {"zone": "Hancock"}, "bus13": {"zone": "Bus 14"}, "bus14": {"zone": "Bus 15"}, "bus15": {"zone": "Bus 16"}, "bus16": {"zone": "Bus 17"}, "bus17": {"zone": "Bus 18"}, "bus18": {"zone": "Bus 19"}, "bus19": {"zone": "Bus 20"}, "bus20": {"zone": "Bus 21"}, "bus21": {"zone": "Bus 22"}, "bus22": {"zone": "Bus 23"}, "bus23": {"zone": "Bus 24"}, "bus24": {"zone": "Bus 25"}, "bus25": {"zone": "Bus 26"}, "bus26": {"zone": "Cloverdl"}, "bus27": {"zone": "Cloverdl"}, "bus28": {"zone": "Bus 29"}, "bus29": {"zone": "Bus 30"}}, "dynamic": [{"bus0": {"vm_pu": 1.06, "va_degree": 0.0, "p_mw": -2.4000166228915623, "q_mvar": -1.1998098185445998}, "bus1": {"vm_pu": NaN, "va_degree": NaN, "p_mw": 0.0, "q_mvar": 0.0}, "bus2": {"vm_pu": 1.0599833938078533, "va_degree": -0.0010016311144588272, "p_mw": 2.4, "q_mvar": 1.2}, "bus3": {"vm_pu": NaN, "va_degree": NaN, "p_mw": 0.0, "q_mvar": 0.0}, "bus4": {"vm_pu": NaN, "va_degree": NaN, "p_mw": 0.0, "q_mvar": 0.0}, "bus5": {"vm_pu": NaN, "va_degree": NaN, "p_mw": 0.0, "q_mvar": 0.0}, "bus6": {"vm_pu": NaN, "va_degree": NaN, "p_mw": 0.0, "q_mvar": 0.0}, "bus7": {"vm_pu": NaN, "va_degree": NaN, "p_mw": 0.0, "q_mvar": 0.0}, "bus8": {"vm_pu": NaN, "va_degree": NaN, "p_mw": 0.0, "q_mvar": 0.0}, "bus9": {"vm_pu": NaN, "va_degree": NaN, "p_mw": 0.0, "q_mvar": 0.0}, "bus10": {"vm_pu": NaN, "va_degree": NaN, "p_mw": 0.0, "q_mvar": 0.0}, "bus11": {"vm_pu": NaN, "va_degree": NaN, "p_mw": 0.0, "q_mvar": 0.0}, "bus12": {"vm_pu": NaN, "va_degree": NaN, "p_mw": 0.0, "q_mvar": 0.0}, "bus13": {"vm_pu": NaN, "va_degree": NaN, "p_mw": 0.0, "q_mvar": 0.0}, "bus14": {"vm_pu": NaN, "va_degree": NaN, "p_mw": 0.0, "q_mvar": 0.0}, "bus15": {"vm_pu": NaN, "va_degree": NaN, "p_mw": 0.0, "q_mvar": 0.0}, "bus16": {"vm_pu": NaN, "va_degree": NaN, "p_mw": 0.0, "q_mvar": 0.0}, "bus17": {"vm_pu": NaN, "va_degree": NaN, "p_mw": 0.0, "q_mvar": 0.0}, "bus18": {"vm_pu": NaN, "va_degree": NaN, "p_mw": 0.0, "q_mvar": 0.0}, "bus19": {"vm_pu": NaN, "va_degree": NaN, "p_mw": 0.0, "q_mvar": 0.0}, "bus20": {"vm_pu": NaN, "va_degree": NaN, "p_mw": 0.0, "q_mvar": 0.0}, "bus21": {"vm_pu": NaN, "va_degree": NaN, "p_mw": 0.0, "q_mvar": 0.0}, "bus22": {"vm_pu": NaN, "va_degree": NaN, "p_mw": 0.0, "q_mvar": 0.0}, "bus23": {"vm_pu": NaN, "va_degree": NaN, "p_mw": 0.0, "q_mvar": 0.0}, "bus24": {"vm_pu": NaN, "va_degree": NaN, "p_mw": 0.0, "q_mvar": 0.0}, "bus25": {"vm_pu": NaN, "va_degree": NaN, "p_mw": 0.0, "q_mvar": 0.0}, "bus26": {"vm_pu": NaN, "va_degree": NaN, "p_mw": 0.0, "q_mvar": 0.0}, "bus27": {"vm_pu": NaN, "va_degree": NaN, "p_mw": 0.0, "q_mvar": 0.0}, "bus28": {"vm_pu": NaN, "va_degree": NaN, "p_mw": 0.0, "q_mvar": 0.0}, "bus29": {"vm_pu": NaN, "va_degree": NaN, "p_mw": 0.0, "q_mvar": 0.0}}, {"bus0": {"vm_pu": 1.06, "va_degree": 0.0, "p_mw": -10.000289675550958, "q_mvar": -2.8007242641798804}, "bus1": {"vm_pu": NaN, "va_degree": NaN, "p_mw": 0.0, "q_mvar": 0.0}, "bus2": {"vm_pu": 1.0599504774353423, "va_degree": -0.004464585557304111, "p_mw": 2.4, "q_mvar": 1.2}, "bus3": {"vm_pu": 1.0599417619743012, "va_degree": -0.005245833456115032, "p_mw": 7.6, "q_mvar": 1.5999999999999999}, "bus4": {"vm_pu": NaN, "va_degree": NaN, "p_mw": 0.0, "q_mvar": 0.0}, "bus5": {"vm_pu": NaN, "va_degree": NaN, "p_mw": 0.0, "q_mvar": 0.0}, "bus6": {"vm_pu": NaN, "va_degree": NaN, "p_mw": 0.0, "q_mvar": 0.0}, "bus7": {"vm_pu": NaN, "va_degree": NaN, "p_mw": 0.0, "q_mvar": 0.0}, "bus8": {"vm_pu": NaN, "va_degree": NaN, "p_mw": 0.0, "q_mvar": 0.0}, "bus9": {"vm_pu": NaN, "va_degree": NaN, "p_mw": 0.0, "q_mvar": 0.0}, "bus10": {"vm_pu": NaN, "va_degree": NaN, "p_mw": 0.0, "q_mvar": 0.0}, "bus11": {"vm_pu": 1.0599417619743012, "va_degree": -0.005245833456115032, "p_mw": 0.0, "q_mvar": 0.0}, "bus12": {"vm_pu": NaN, "va_degree": NaN, "p_mw": 0.0, "q_mvar": 0.0}, "bus13": {"vm_pu": NaN, "va_degree": NaN, "p_mw": 0.0, "q_mvar": 0.0}, "bus14": {"vm_pu": NaN, "va_degree": NaN, "p_mw": 0.0, "q_mvar": 0.0}, "bus15": {"vm_pu": NaN, "va_degree": NaN, "p_mw": 0.0, "q_mvar": 0.0}, "bus16": {"vm_pu": NaN, "va_degree": NaN, "p_mw": 0.0, "q_mvar": 0.0}, "bus17": {"vm_pu": NaN, "va_degree": NaN, "p_mw": 0.0, "q_mvar": 0.0}, "bus18": {"vm_pu": NaN, "va_degree": NaN, "p_mw": 0.0, "q_mvar": 0.0}, "bus19": {"vm_pu": NaN, "va_degree": NaN, "p_mw": 0.0, "q_mvar": 0.0}, "bus20": {"vm_pu": NaN, "va_degree": NaN, "p_mw": 0.0, "q_mvar": 0.0}, "bus21": {"vm_pu": NaN, "va_degree": NaN, "p_mw": 0.0, "q_mvar": 0.0}, "bus22": {"vm_pu": NaN, "va_degree": NaN, "p_mw": 0.0, "q_mvar": 0.0}, "bus23": {"vm_pu": NaN, "va_degree": NaN, "p_mw": 0.0, "q_mvar": 0.0}, "bus24": {"vm_pu": NaN, "va_degree": NaN, "p_mw": 0.0, "q_mvar": 0.0}, "bus25": {"vm_pu": NaN, "va_degree": NaN, "p_mw": 0.0, "q_mvar": 0.0}, "bus26": {"vm_pu": NaN, "va_degree": NaN, "p_mw": 0.0, "q_mvar": 0.0}, "bus27": {"vm_pu": NaN, "va_degree": NaN, "p_mw": 0.0, "q_mvar": 0.0}, "bus28": {"vm_pu": NaN, "va_degree": NaN, "p_mw": 0.0, "q_mvar": 0.0}, "bus29": {"vm_pu": NaN, "va_degree": NaN, "p_mw": 0.0, "q_mvar": 0.0}}, {"bus0": {"vm_pu": 1.06, "va_degree": 0.0, "p_mw": -32.96963113517312, "q_mvar": -215.24946564889194}, "bus1": {"vm_pu": NaN, "va_degree": NaN, "p_mw": 0.0, "q_mvar": 0.0}, "bus2": {"vm_pu": 1.0579940382349855, "va_degree": 0.012557499933227413, "p_mw": 2.4, "q_mvar": 1.2}, "bus3": {"vm_pu": 1.0575329826916136, "va_degree": 0.017453073283370167, "p_mw": 7.6, "q_mvar": 1.5999999999999999}, "bus4": {"vm_pu": NaN, "va_degree": NaN, "p_mw": 0.0, "q_mvar": 0.0}, "bus5": {"vm_pu": 1.057042019776785, "va_degree": 0.022092643542468638, "p_mw": 0.0, "q_mvar": 0.0}, "bus6": {"vm_pu": 1.0569604287310412, "va_degree": 0.0174465492743489, "p_mw": 22.799999999999997, "q_mvar": 10.899999999999999}, "bus7": {"vm_pu": NaN, "va_degree": NaN, "p_mw": 0.0, "q_mvar": 0.0}, "bus8": {"vm_pu": 9.26059954428301e-11, "va_degree": -179.97790735645754, "p_mw": 0.0, "q_mvar": 0.0}, "bus9": {"vm_pu": 1.057042019776785, "va_degree": 0.022092643542468638, "p_mw": 0.0, "q_mvar": 0.0}, "bus10": {"vm_pu": NaN, "va_degree": NaN, "p_mw": 0.0, "q_mvar": 0.0}, "bus11": {"vm_pu": 1.0575329826916136, "va_degree": 0.017453073283370167, "p_mw": 0.0, "q_mvar": 0.0}, "bus12": {"vm_pu": NaN, "va_degree": NaN, "p_mw": 0.0, "q_mvar": 0.0}, "bus13": {"vm_pu": NaN, "va_degree": NaN, "p_mw": 0.0, "q_mvar": 0.0}, "bus14": {"vm_pu": NaN, "va_degree": NaN, "p_mw": 0.0, "q_mvar": 0.0}, "bus15": {"vm_pu": NaN, "va_degree": NaN, "p_mw": 0.0, "q_mvar": 0.0}, "bus16": {"vm_pu": NaN, "va_degree": NaN, "p_mw": 0.0, "q_mvar": 0.0}, "bus17": {"vm_pu": NaN, "va_degree": NaN, "p_mw": 0.0, "q_mvar": 0.0}, "bus18": {"vm_pu": NaN, "va_degree": NaN, "p_mw": 0.0, "q_mvar": 0.0}, "bus19": {"vm_pu": NaN, "va_degree": NaN, "p_mw": 0.0, "q_mvar": 0.0}, "bus20": {"vm_pu": NaN, "va_degree": NaN, "p_mw": 0.0, "q_mvar": 0.0}, "bus21": {"vm_pu": NaN, "va_degree": NaN, "p_mw": 0.0, "q_mvar": 0.0}, "bus22": {"vm_pu": NaN, "va_degree": NaN, "p_mw": 0.0, "q_mvar": 0.0}, "bus23": {"vm_pu": NaN, "va_degree": NaN, "p_mw": 0.0, "q_mvar": 0.0}, "bus24": {"vm_pu": NaN, "va_degree": NaN, "p_mw": 0.0, "q_mvar": 0.0}, "bus25": {"vm_pu": NaN, "va_degree": NaN, "p_mw": 0.0, "q_mvar": 0.0}, "bus26": {"vm_pu": NaN, "va_degree": NaN, "p_mw": 0.0, "q_mvar": 0.0}, "bus27": {"vm_pu": NaN, "va_degree": NaN, "p_mw": 0.0, "q_mvar": 0.0}, "bus28": {"vm_pu": NaN, "va_degree": NaN, "p_mw": 0.0, "q_mvar": 0.0}, "bus29": {"vm_pu": NaN, "va_degree": NaN, "p_mw": 0.0, "q_mvar": 0.0}}, {"bus0": {"vm_pu": 1.06, "va_degree": 0.0, "p_mw": -37.458242701521016, "q_mvar": -5035.703124482387}, "bus1": {"vm_pu": 1.0449999999999997, "va_degree": 0.2739874352756138, "p_mw": -18.3, "q_mvar": 4752.206835002469}, "bus2": {"vm_pu": 1.0579940382349855, "va_degree": 0.012557499933227415, "p_mw": 2.3999999999999986, "q_mvar": 1.1999999999999993}, "bus3": {"vm_pu": 1.0575329826916136, "va_degree": 0.017453073283370174, "p_mw": 7.599999999999998, "q_mvar": 1.5999999999999996}, "bus4": {"vm_pu": NaN, "va_degree": NaN, "p_mw": 0.0, "q_mvar": 0.0}, "bus5": {"vm_pu": 1.057042019776785, "va_degree": 0.02209264354246864, "p_mw": 0.0, "q_mvar": 0.0}, "bus6": {"vm_pu": 1.0569604287310412, "va_degree": 0.017446549274348903, "p_mw": 22.800000000000004, "q_mvar": 10.9}, "bus7": {"vm_pu": NaN, "va_degree": NaN, "p_mw": 0.0, "q_mvar": 0.0}, "bus8": {"vm_pu": 9.26059954428301e-11, "va_degree": -179.97790735645754, "p_mw": 0.0, "q_mvar": 0.0}, "bus9": {"vm_pu": 1.057042019776785, "va_degree": 0.02209264354246864, "p_mw": 0.0, "q_mvar": 0.0}, "bus10": {"vm_pu": NaN, "va_degree": NaN, "p_mw": 0.0, "q_mvar": 0.0}, "bus11": {"vm_pu": 1.0575329826916136, "va_degree": 0.017453073283370174, "p_mw": 0.0, "q_mvar": 0.0}, "bus12": {"vm_pu": NaN, "va_degree": NaN, "p_mw": 0.0, "q_mvar": 0.0}, "bus13": {"vm_pu": NaN, "va_degree": NaN, "p_mw": 0.0, "q_mvar": 0.0}, "bus14": {"vm_pu": NaN, "va_degree": NaN, "p_mw": 0.0, "q_mvar": 0.0}, "bus15": {"vm_pu": NaN, "va_degree": NaN, "p_mw": 0.0, "q_mvar": 0.0}, "bus16": {"vm_pu": NaN, "va_degree": NaN, "p_mw": 0.0, "q_mvar": 0.0}, "bus17": {"vm_pu": NaN, "va_degree": NaN, "p_mw": 0.0, "q_mvar": 0.0}, "bus18": {"vm_pu": NaN, "va_degree": NaN, "p_mw": 0.0, "q_mvar": 0.0}, "bus19": {"vm_pu": NaN, "va_degree": NaN, "p_mw": 0.0, "q_mvar": 0.0}, "bus20": {"vm_pu": NaN, "va_degree": NaN, "p_mw": 0.0, "q_mvar": 0.0}, "bus21": {"vm_pu": NaN, "va_degree": NaN, "p_mw": 0.0, "q_mvar": 0.0}, "bus22": {"vm_pu": NaN, "va_degree": NaN, "p_mw": 0.0, "q_mvar": 0.0}, "bus23": {"vm_pu": NaN, "va_degree": NaN, "p_mw": 0.0, "q_mvar": 0.0}, "bus24": {"vm_pu": NaN, "va_degree": NaN, "p_mw": 0.0, "q_mvar": 0.0}, "bus25": {"vm_pu": NaN, "va_degree": NaN, "p_mw": 0.0, "q_mvar": 0.0}, "bus26": {"vm_pu": NaN, "va_degree": NaN, "p_mw": 0.0, "q_mvar": 0.0}, "bus27": {"vm_pu": NaN, "va_degree": NaN, "p_mw": 0.0, "q_mvar": 0.0}, "bus28": {"vm_pu": NaN, "va_degree": NaN, "p_mw": 0.0, "q_mvar": 0.0}, "bus29": {"vm_pu": NaN, "va_degree": NaN, "p_mw": 0.0, "q_mvar": 0.0}}, {"bus0": {"vm_pu": 1.06, "va_degree": 0.0, "p_mw": -156.53214203124918, "q_mvar": -4995.335097447723}, "bus1": {"vm_pu": 1.045, "va_degree": 0.25136102784607783, "p_mw": -18.3, "q_mvar": 1525.4276823823782}, "bus2": {"vm_pu": 1.0579940382349835, "va_degree": 0.012557499933265426, "p_mw": 2.3999999999999986, "q_mvar": 1.1999999999999993}, "bus3": {"vm_pu": 1.0575329826916111, "va_degree": 0.017453073283415152, "p_mw": 7.599999999999998, "q_mvar": 1.5999999999999996}, "bus4": {"vm_pu": 1.0099999999999998, "va_degree": 0.6463104627173586, "p_mw": 94.20000000000002, "q_mvar": 3081.4688532028226}, "bus5": {"vm_pu": 1.0570420197767818, "va_degree": 0.022092643542519625, "p_mw": 0.0, "q_mvar": 0.0}, "bus6": {"vm_pu": 1.0569604287310386, "va_degree": 0.01744654927440597, "p_mw": 22.80000000000001, "q_mvar": 10.899999999999999}, "bus7": {"vm_pu": NaN, "va_degree": NaN, "p_mw": 0.0, "q_mvar": 0.0}, "bus8": {"vm_pu": 9.260599565289429e-11, "va_degree": -179.97790735645748, "p_mw": 0.0, "q_mvar": 0.0}, "bus9": {"vm_pu": 1.0570420197767818, "va_degree": 0.022092643542519625, "p_mw": 0.0, "q_mvar": 0.0}, "bus10": {"vm_pu": NaN, "va_degree": NaN, "p_mw": 0.0, "q_mvar": 0.0}, "bus11": {"vm_pu": 1.0575329826916111, "va_degree": 0.017453073283415152, "p_mw": 0.0, "q_mvar": 0.0}, "bus12": {"vm_pu": NaN, "va_degree": NaN, "p_mw": 0.0, "q_mvar": 0.0}, "bus13": {"vm_pu": NaN, "va_degree": NaN, "p_mw": 0.0, "q_mvar": 0.0}, "bus14": {"vm_pu": NaN, "va_degree": NaN, "p_mw": 0.0, "q_mvar": 0.0}, "bus15": {"vm_pu": NaN, "va_degree": NaN, "p_mw": 0.0, "q_mvar": 0.0}, "bus16": {"vm_pu": NaN, "va_degree": NaN, "p_mw": 0.0, "q_mvar": 0.0}, "bus17": {"vm_pu": NaN, "va_degree": NaN, "p_mw": 0.0, "q_mvar": 0.0}, "bus18": {"vm_pu": NaN, "va_degree": NaN, "p_mw": 0.0, "q_mvar": 0.0}, "bus19": {"vm_pu": NaN, "va_degree": NaN, "p_mw": 0.0, "q_mvar": 0.0}, "bus20": {"vm_pu": NaN, "va_degree": NaN, "p_mw": 0.0, "q_mvar": 0.0}, "bus21": {"vm_pu": NaN, "va_degree": NaN, "p_mw": 0.0, "q_mvar": 0.0}, "bus22": {"vm_pu": NaN, "va_degree": NaN, "p_mw": 0.0, "q_mvar": 0.0}, "bus23": {"vm_pu": NaN, "va_degree": NaN, "p_mw": 0.0, "q_mvar": 0.0}, "bus24": {"vm_pu": NaN, "va_degree": NaN, "p_mw": 0.0, "q_mvar": 0.0}, "bus25": {"vm_pu": NaN, "va_degree": NaN, "p_mw": 0.0, "q_mvar": 0.0}, "bus26": {"vm_pu": NaN, "va_degree": NaN, "p_mw": 0.0, "q_mvar": 0.0}, "bus27": {"vm_pu": NaN, "va_degree": NaN, "p_mw": 0.0, "q_mvar": 0.0}, "bus28": {"vm_pu": NaN, "va_degree": NaN, "p_mw": 0.0, "q_mvar": 0.0}, "bus29": {"vm_pu": NaN, "va_degree": NaN, "p_mw": 0.0, "q_mvar": 0.0}}, {"bus0": {"vm_pu": 1.06, "va_degree": 0.0, "p_mw": -239.2799694891247, "q_mvar": -7523.877174372085}, "bus1": {"vm_pu": 1.0449999999999997, "va_degree": 0.23523550201706306, "p_mw": -18.3, "q_mvar": -105.27685555843509}, "bus2": {"vm_pu": 1.0351460458870343, "va_degree": 0.3602939996476103, "p_mw": 2.3999999999999986, "q_mvar": 1.1999999999999993}, "bus3": {"vm_pu": 1.029452972742857, "va_degree": 0.4692839468640797, "p_mw": 7.599999999999998, "q_mvar": 1.5999999999999996}, "bus4": {"vm_pu": 1.01, "va_degree": 0.6301849368883383, "p_mw": 94.20000000000002, "q_mvar": 3081.4688532028176}, "bus5": {"vm_pu": 1.019553016726899, "va_degree": 0.6186806757152852, "p_mw": 0.0, "q_mvar": 0.0}, "bus6": {"vm_pu": 1.019468424799617, "va_degree": 0.6136865970668367, "p_mw": 22.80000000000001, "q_mvar": 10.899999999999999}, "bus7": {"vm_pu": 1.0099999999999998, "va_degree": 0.7676593099748521, "p_mw": 30.0, "q_mvar": 3992.7530772882487}, "bus8": {"vm_pu": 1.6854612774334885e-24, "va_degree": -179.38131932428473, "p_mw": 0.0, "q_mvar": 0.0}, "bus9": {"vm_pu": 1.019553016726899, "va_degree": 0.6186806757152852, "p_mw": 0.0, "q_mvar": 0.0}, "bus10": {"vm_pu": NaN, "va_degree": NaN, "p_mw": 0.0, "q_mvar": 0.0}, "bus11": {"vm_pu": 1.029452972742857, "va_degree": 0.4692839468640797, "p_mw": 0.0, "q_mvar": 0.0}, "bus12": {"vm_pu": NaN, "va_degree": NaN, "p_mw": 0.0, "q_mvar": 0.0}, "bus13": {"vm_pu": NaN, "va_degree": NaN, "p_mw": 0.0, "q_mvar": 0.0}, "bus14": {"vm_pu": NaN, "va_degree": NaN, "p_mw": 0.0, "q_mvar": 0.0}, "bus15": {"vm_pu": NaN, "va_degree": NaN, "p_mw": 0.0, "q_mvar": 0.0}, "bus16": {"vm_pu": NaN, "va_degree": NaN, "p_mw": 0.0, "q_mvar": 0.0}, "bus17": {"vm_pu": NaN, "va_degree": NaN, "p_mw": 0.0, "q_mvar": 0.0}, "bus18": {"vm_pu": NaN, "va_degree": NaN, "p_mw": 0.0, "q_mvar": 0.0}, "bus19": {"vm_pu": NaN, "va_degree": NaN, "p_mw": 0.0, "q_mvar": 0.0}, "bus20": {"vm_pu": NaN, "va_degree": NaN, "p_mw": 0.0, "q_mvar": 0.0}, "bus21": {"vm_pu": NaN, "va_degree": NaN, "p_mw": 0.0, "q_mvar": 0.0}, "bus22": {"vm_pu": NaN, "va_degree": NaN, "p_mw": 0.0, "q_mvar": 0.0}, "bus23": {"vm_pu": NaN, "va_degree": NaN, "p_mw": 0.0, "q_mvar": 0.0}, "bus24": {"vm_pu": NaN, "va_degree": NaN, "p_mw": 0.0, "q_mvar": 0.0}, "bus25": {"vm_pu": NaN, "va_degree": NaN, "p_mw": 0.0, "q_mvar": 0.0}, "bus26": {"vm_pu": NaN, "va_degree": NaN, "p_mw": 0.0, "q_mvar": 0.0}, "bus27": {"vm_pu": NaN, "va_degree": NaN, "p_mw": 0.0, "q_mvar": 0.0}, "bus28": {"vm_pu": NaN, "va_degree": NaN, "p_mw": 0.0, "q_mvar": 0.0}, "bus29": {"vm_pu": NaN, "va_degree": NaN, "p_mw": 0.0, "q_mvar": 0.0}}, {"bus0": {"vm_pu": 1.06, "va_degree": 0.0, "p_mw": -250.41672983261424, "q_mvar": -7516.899900051298}, "bus1": {"vm_pu": 1.0449999999999997, "va_degree": 0.23427282011298325, "p_mw": -18.3, "q_mvar": -101.27221910429562}, "bus2": {"vm_pu": 1.0351778386381545, "va_degree": 0.35656516108878006, "p_mw": 2.3999999999999986, "q_mvar": 1.1999999999999993}, "bus3": {"vm_pu": 1.0294909658745446, "va_degree": 0.4646257133720635, "p_mw": 7.599999999999998, "q_mvar": 1.5999999999999996}, "bus4": {"vm_pu": 1.01, "va_degree": 0.629222254984263, "p_mw": 94.20000000000002, "q_mvar": 3081.4688532028167}, "bus5": {"vm_pu": 1.019572132299121, "va_degree": 0.6143128022890447, "p_mw": 0.0, "q_mvar": 0.0}, "bus6": {"vm_pu": 1.019487541958238, "va_degree": 0.6093189109184095, "p_mw": 22.80000000000001, "q_mvar": 10.899999999999999}, "bus7": {"vm_pu": 1.01, "va_degree": 0.7635953365139221, "p_mw": 30.0, "q_mvar": 4000.7566864123746}, "bus8": {"vm_pu": 1.68950024526822e-24, "va_degree": -179.38568719771095, "p_mw": 0.0, "q_mvar": 0.0}, "bus9": {"vm_pu": 1.019572132299121, "va_degree": 0.6143128022890447, "p_mw": 0.0, "q_mvar": 0.0}, "bus10": {"vm_pu": NaN, "va_degree": NaN, "p_mw": 0.0, "q_mvar": 0.0}, "bus11": {"vm_pu": 1.0677198653981859, "va_degree": -0.7497599848068671, "p_mw": 11.199999999999989, "q_mvar": 7.5}, "bus12": {"vm_pu": 1.071, "va_degree": -0.7497599848068671, "p_mw": 0.0, "q_mvar": -27.326309347524557}, "bus13": {"vm_pu": NaN, "va_degree": NaN, "p_mw": 0.0, "q_mvar": 0.0}, "bus14": {"vm_pu": NaN, "va_degree": NaN, "p_mw": 0.0, "q_mvar": 0.0}, "bus15": {"vm_pu": NaN, "va_degree": NaN, "p_mw": 0.0, "q_mvar": 0.0}, "bus16": {"vm_pu": NaN, "va_degree": NaN, "p_mw": 0.0, "q_mvar": 0.0}, "bus17": {"vm_pu": NaN, "va_degree": NaN, "p_mw": 0.0, "q_mvar": 0.0}, "bus18": {"vm_pu": NaN, "va_degree": NaN, "p_mw": 0.0, "q_mvar": 0.0}, "bus19": {"vm_pu": NaN, "va_degree": NaN, "p_mw": 0.0, "q_mvar": 0.0}, "bus20": {"vm_pu": NaN, "va_degree": NaN, "p_mw": 0.0, "q_mvar": 0.0}, "bus21": {"vm_pu": NaN, "va_degree": NaN, "p_mw": 0.0, "q_mvar": 0.0}, "bus22": {"vm_pu": NaN, "va_degree": NaN, "p_mw": 0.0, "q_mvar": 0.0}, "bus23": {"vm_pu": NaN, "va_degree": NaN, "p_mw": 0.0, "q_mvar": 0.0}, "bus24": {"vm_pu": NaN, "va_degree": NaN, "p_mw": 0.0, "q_mvar": 0.0}, "bus25": {"vm_pu": NaN, "va_degree": NaN, "p_mw": 0.0, "q_mvar": 0.0}, "bus26": {"vm_pu": NaN, "va_degree": NaN, "p_mw": 0.0, "q_mvar": 0.0}, "bus27": {"vm_pu": NaN, "va_degree": NaN, "p_mw": 0.0, "q_mvar": 0.0}, "bus28": {"vm_pu": NaN, "va_degree": NaN, "p_mw": 0.0, "q_mvar": 0.0}, "bus29": {"vm_pu": NaN, "va_degree": NaN, "p_mw": 0.0, "q_mvar": 0.0}}, {"bus0": {"vm_pu": 1.06, "va_degree": 0.0, "p_mw": -256.59096844601214, "q_mvar": -7515.426390050179}, "bus1": {"vm_pu": 1.0449999999999997, "va_degree": 0.2337321354290538, "p_mw": -18.3, "q_mvar": -101.81111769612907}, "bus2": {"vm_pu": 1.035174065034024, "va_degree": 0.35484954655207246, "p_mw": 2.3999999999999986, "q_mvar": 1.1999999999999993}, "bus3": {"vm_pu": 1.0294857442941094, "va_degree": 0.46250121300850533, "p_mw": 7.599999999999998, "q_mvar": 1.5999999999999996}, "bus4": {"vm_pu": 1.0099999999999998, "va_degree": 0.6286815703003266, "p_mw": 94.20000000000002, "q_mvar": 3081.468853202833}, "bus5": {"vm_pu": 1.019569505154882, "va_degree": 0.6121483983075288, "p_mw": 0.0, "q_mvar": 0.0}, "bus6": {"vm_pu": 1.0194849145959763, "va_degree": 0.6071544811990414, "p_mw": 22.80000000000001, "q_mvar": 10.899999999999999}, "bus7": {"vm_pu": 1.01, "va_degree": 0.7613891668135682, "p_mw": 30.0, "q_mvar": 3999.6567129589002}, "bus8": {"vm_pu": 1.68950024526822e-24, "va_degree": -179.38785160169243, "p_mw": 0.0, "q_mvar": 0.0}, "bus9": {"vm_pu": 1.019569505154882, "va_degree": 0.6121483983075288, "p_mw": 0.0, "q_mvar": 0.0}, "bus10": {"vm_pu": NaN, "va_degree": NaN, "p_mw": 0.0, "q_mvar": 0.0}, "bus11": {"vm_pu": 1.067517912864178, "va_degree": -1.4251422267462088, "p_mw": 11.199999999999989, "q_mvar": 7.5}, "bus12": {"vm_pu": 1.071, "va_degree": -1.425142226746209, "p_mw": 0.0, "q_mvar": -29.008745615460157}, "bus13": {"vm_pu": 1.0665075704117937, "va_degree": -1.4893594889012687, "p_mw": 6.199999999999989, "q_mvar": 1.5999999999999943}, "bus14": {"vm_pu": NaN, "va_degree": NaN, "p_mw": 0.0, "q_mvar": 0.0}, "bus15": {"vm_pu": NaN, "va_degree": NaN, "p_mw": 0.0, "q_mvar": 0.0}, "bus16": {"vm_pu": NaN, "va_degree": NaN, "p_mw": 0.0, "q_mvar": 0.0}, "bus17": {"vm_pu": NaN, "va_degree": NaN, "p_mw": 0.0, "q_mvar": 0.0}, "bus18": {"vm_pu": NaN, "va_degree": NaN, "p_mw": 0.0, "q_mvar": 0.0}, "bus19": {"vm_pu": NaN, "va_degree": NaN, "p_mw": 0.0, "q_mvar": 0.0}, "bus20": {"vm_pu": NaN, "va_degree": NaN, "p_mw": 0.0, "q_mvar": 0.0}, "bus21": {"vm_pu": NaN, "va_degree": NaN, "p_mw": 0.0, "q_mvar": 0.0}, "bus22": {"vm_pu": NaN, "va_degree": NaN, "p_mw": 0.0, "q_mvar": 0.0}, "bus23": {"vm_pu": NaN, "va_degree": NaN, "p_mw": 0.0, "q_mvar": 0.0}, "bus24": {"vm_pu": NaN, "va_degree": NaN, "p_mw": 0.0, "q_mvar": 0.0}, "bus25": {"vm_pu": NaN, "va_degree": NaN, "p_mw": 0.0, "q_mvar": 0.0}, "bus26": {"vm_pu": NaN, "va_degree": NaN, "p_mw": 0.0, "q_mvar": 0.0}, "bus27": {"vm_pu": NaN, "va_degree": NaN, "p_mw": 0.0, "q_mvar": 0.0}, "bus28": {"vm_pu": NaN, "va_degree": NaN, "p_mw": 0.0, "q_mvar": 0.0}, "bus29": {"vm_pu": NaN, "va_degree": NaN, "p_mw": 0.0, "q_mvar": 0.0}}, {"bus0": {"vm_pu": 1.06, "va_degree": 0.0, "p_mw": -264.7831943733711, "q_mvar": -7513.50349040034}, "bus1": {"vm_pu": 1.0449999999999993, "va_degree": 0.23301464106876804, "p_mw": -18.3, "q_mvar": -102.56315645996146}, "bus2": {"vm_pu": 1.0351687720196885, "va_degree": 0.35257790711056697, "p_mw": 2.3999999999999986, "q_mvar": 1.1999999999999993}, "bus3": {"vm_pu": 1.029478465160386, "va_degree": 0.4596884624318444, "p_mw": 7.599999999999998, "q_mvar": 1.5999999999999996}, "bus4": {"vm_pu": 1.0099999999999998, "va_degree": 0.6279640759400418, "p_mw": 94.20000000000002, "q_mvar": 3081.4688532028067}, "bus5": {"vm_pu": 1.0195658427888774, "va_degree": 0.6092800191222872, "p_mw": 0.0, "q_mvar": 0.0}, "bus6": {"vm_pu": 1.0194812519260357, "va_degree": 0.6042860661336465, "p_mw": 22.80000000000001, "q_mvar": 10.899999999999999}, "bus7": {"vm_pu": 1.0099999999999998, "va_degree": 0.7584625638247325, "p_mw": 30.0, "q_mvar": 3998.123296438719}, "bus8": {"vm_pu": 1.6882885549178006e-24, "va_degree": -179.39071998087772, "p_mw": 0.0, "q_mvar": 0.0}, "bus9": {"vm_pu": 1.0195658427888774, "va_degree": 0.6092800191222872, "p_mw": 0.0, "q_mvar": 0.0}, "bus10": {"vm_pu": NaN, "va_degree": NaN, "p_mw": 0.0, "q_mvar": 0.0}, "bus11": {"vm_pu": 1.0671897639505, "va_degree": -2.322209897844642, "p_mw": 11.199999999999989, "q_mvar": 7.5}, "bus12": {"vm_pu": 1.071, "va_degree": -2.322209897844642, "p_mw": 0.0, "q_mvar": -31.742504992974546}, "bus13": {"vm_pu": 1.0647485623452941, "va_degree": -2.469552577889268, "p_mw": 6.199999999999989, "q_mvar": 1.5999999999999943}, "bus14": {"vm_pu": 1.0627509331633502, "va_degree": -2.5200026742623853, "p_mw": 8.199999999999989, "q_mvar": 2.5}, "bus15": {"vm_pu": NaN, "va_degree": NaN, "p_mw": 0.0, "q_mvar": 0.0}, "bus16": {"vm_pu": NaN, "va_degree": NaN, "p_mw": 0.0, "q_mvar": 0.0}, "bus17": {"vm_pu": NaN, "va_degree": NaN, "p_mw": 0.0, "q_mvar": 0.0}, "bus18": {"vm_pu": NaN, "va_degree": NaN, "p_mw": 0.0, "q_mvar": 0.0}, "bus19": {"vm_pu": NaN, "va_degree": NaN, "p_mw": 0.0, "q_mvar": 0.0}, "bus20": {"vm_pu": NaN, "va_degree": NaN, "p_mw": 0.0, "q_mvar": 0.0}, "bus21": {"vm_pu": NaN, "va_degree": NaN, "p_mw": 0.0, "q_mvar": 0.0}, "bus22": {"vm_pu": NaN, "va_degree": NaN, "p_mw": 0.0, "q_mvar": 0.0}, "bus23": {"vm_pu": NaN, "va_degree": NaN, "p_mw": 0.0, "q_mvar": 0.0}, "bus24": {"vm_pu": NaN, "va_degree": NaN, "p_mw": 0.0, "q_mvar": 0.0}, "bus25": {"vm_pu": NaN, "va_degree": NaN, "p_mw": 0.0, "q_mvar": 0.0}, "bus26": {"vm_pu": NaN, "va_degree": NaN, "p_mw": 0.0, "q_mvar": 0.0}, "bus27": {"vm_pu": NaN, "va_degree": NaN, "p_mw": 0.0, "q_mvar": 0.0}, "bus28": {"vm_pu": NaN, "va_degree": NaN, "p_mw": 0.0, "q_mvar": 0.0}, "bus29": {"vm_pu": NaN, "va_degree": NaN, "p_mw": 0.0, "q_mvar": 0.0}}, {"bus0": {"vm_pu": 1.06, "va_degree": 0.0, "p_mw": -268.26778661781873, "q_mvar": -7512.703974216732}, "bus1": {"vm_pu": 1.0449999999999997, "va_degree": 0.23270939917834182, "p_mw": -18.3, "q_mvar": -102.90419745624312}, "bus2": {"vm_pu": 1.0351663568418612, "va_degree": 0.3516143496181131, "p_mw": 2.3999999999999986, "q_mvar": 1.1999999999999993}, "bus3": {"vm_pu": 1.0294751679310727, "va_degree": 0.45849555259597014, "p_mw": 7.599999999999998, "q_mvar": 1.5999999999999996}, "bus4": {"vm_pu": 1.01, "va_degree": 0.6276588340496184, "p_mw": 94.20000000000002, "q_mvar": 3081.468853202832}, "bus5": {"vm_pu": 1.0195641838465663, "va_degree": 0.6080619107923141, "p_mw": 0.0, "q_mvar": 0.0}, "bus6": {"vm_pu": 1.0194795928460496, "va_degree": 0.6030679415509108, "p_mw": 22.80000000000001, "q_mvar": 10.899999999999999}, "bus7": {"vm_pu": 1.0099999999999998, "va_degree": 0.7572180817092106, "p_mw": 30.0, "q_mvar": 3997.4287044526377}, "bus8": {"vm_pu": 1.68950024526822e-24, "va_degree": -179.39193808920768, "p_mw": 0.0, "q_mvar": 0.0}, "bus9": {"vm_pu": 1.0195641838465663, "va_degree": 0.6080619107923141, "p_mw": 0.0, "q_mvar": 0.0}, "bus10": {"vm_pu": NaN, "va_degree": NaN, "p_mw": 0.0, "q_mvar": 0.0}, "bus11": {"vm_pu": 1.0669640882485634, "va_degree": -2.704384783865025, "p_mw": 11.199999999999989, "q_mvar": 7.5}, "bus12": {"vm_pu": 1.071, "va_degree": -2.7043847838650237, "p_mw": 0.0, "q_mvar": -33.622575414456605}, "bus13": {"vm_pu": 1.0645223646982656, "va_degree": -2.8517899816353998, "p_mw": 6.199999999999989, "q_mvar": 1.5999999999999943}, "bus14": {"vm_pu": 1.062524309269798, "va_degree": -2.9022615607231224, "p_mw": 8.199999999999989, "q_mvar": 2.5}, "bus15": {"vm_pu": 1.06637118866698, "va_degree": -2.7286780158414055, "p_mw": 3.5, "q_mvar": 1.7999999999999972}, "bus16": {"vm_pu": NaN, "va_degree": NaN, "p_mw": 0.0, "q_mvar": 0.0}, "bus17": {"vm_pu": NaN, "va_degree": NaN, "p_mw": 0.0, "q_mvar": 0.0}, "bus18": {"vm_pu": NaN, "va_degree": NaN, "p_mw": 0.0, "q_mvar": 0.0}, "bus19": {"vm_pu": NaN, "va_degree": NaN, "p_mw": 0.0, "q_mvar": 0.0}, "bus20": {"vm_pu": NaN, "va_degree": NaN, "p_mw": 0.0, "q_mvar": 0.0}, "bus21": {"vm_pu": NaN, "va_degree": NaN, "p_mw": 0.0, "q_mvar": 0.0}, "bus22": {"vm_pu": NaN, "va_degree": NaN, "p_mw": 0.0, "q_mvar": 0.0}, "bus23": {"vm_pu": NaN, "va_degree": NaN, "p_mw": 0.0, "q_mvar": 0.0}, "bus24": {"vm_pu": NaN, "va_degree": NaN, "p_mw": 0.0, "q_mvar": 0.0}, "bus25": {"vm_pu": NaN, "va_degree": NaN, "p_mw": 0.0, "q_mvar": 0.0}, "bus26": {"vm_pu": NaN, "va_degree": NaN, "p_mw": 0.0, "q_mvar": 0.0}, "bus27": {"vm_pu": NaN, "va_degree": NaN, "p_mw": 0.0, "q_mvar": 0.0}, "bus28": {"vm_pu": NaN, "va_degree": NaN, "p_mw": 0.0, "q_mvar": 0.0}, "bus29": {"vm_pu": NaN, "va_degree": NaN, "p_mw": 0.0, "q_mvar": 0.0}}, {"bus0": {"vm_pu": 1.06, "va_degree": 0.0, "p_mw": -277.24548783044355, "q_mvar": -7510.68518753266}, "bus1": {"vm_pu": 1.0449999999999997, "va_degree": 0.23192285564352277, "p_mw": -18.3, "q_mvar": -103.83009300500161}, "bus2": {"vm_pu": 1.03515976891204, "va_degree": 0.34913784796325165, "p_mw": 2.3999999999999986, "q_mvar": 1.1999999999999993}, "bus3": {"vm_pu": 1.0294662244351458, "va_degree": 0.4554299556167143, "p_mw": 7.599999999999998, "q_mvar": 1.5999999999999996}, "bus4": {"vm_pu": 1.0099999999999998, "va_degree": 0.6268722905148028, "p_mw": 94.20000000000002, "q_mvar": 3081.468853202844}, "bus5": {"vm_pu": 1.019559684084561, "va_degree": 0.6049279634577787, "p_mw": 0.0, "q_mvar": 0.0}, "bus6": {"vm_pu": 1.0194750927106095, "va_degree": 0.5999339501315234, "p_mw": 22.80000000000001, "q_mvar": 10.899999999999999}, "bus7": {"vm_pu": 1.0099999999999998, "va_degree": 0.7540125969240492, "p_mw": 30.0, "q_mvar": 3995.5446730653534}, "bus8": {"vm_pu": 1.6911158324021127e-24, "va_degree": -179.39507203654222, "p_mw": 0.0, "q_mvar": 0.0}, "bus9": {"vm_pu": 1.019559684084561, "va_degree": 0.6049279634577787, "p_mw": 0.0, "q_mvar": 0.0}, "bus10": {"vm_pu": NaN, "va_degree": NaN, "p_mw": 0.0, "q_mvar": 0.0}, "bus11": {"vm_pu": 1.066232649357446, "va_degree": -3.69100801507093, "p_mw": 11.199999999999989, "q_mvar": 7.5}, "bus12": {"vm_pu": 1.0710000000000002, "va_degree": -3.69100801507093, "p_mw": 0.0, "q_mvar": -39.71608310052068}, "bus13": {"vm_pu": 1.063789232584445, "va_degree": -3.838616113397165, "p_mw": 6.199999999999989, "q_mvar": 1.5999999999999943}, "bus14": {"vm_pu": 1.061789794389179, "va_degree": -3.8891574148371353, "p_mw": 8.199999999999989, "q_mvar": 2.5}, "bus15": {"vm_pu": 1.063905122786144, "va_degree": -3.772862411357505, "p_mw": 3.5, "q_mvar": 1.7999999999999972}, "bus16": {"vm_pu": 1.0625329258493206, "va_degree": -3.839268295887327, "p_mw": 9.0, "q_mvar": 5.799999999999997}, "bus17": {"vm_pu": NaN, "va_degree": NaN, "p_mw": 0.0, "q_mvar": 0.0}, "bus18": {"vm_pu": NaN, "va_degree": NaN, "p_mw": 0.0, "q_mvar": 0.0}, "bus19": {"vm_pu": NaN, "va_degree": NaN, "p_mw": 0.0, "q_mvar": 0.0}, "bus20": {"vm_pu": NaN, "va_degree": NaN, "p_mw": 0.0, "q_mvar": 0.0}, "bus21": {"vm_pu": NaN, "va_degree": NaN, "p_mw": 0.0, "q_mvar": 0.0}, "bus22": {"vm_pu": NaN, "va_degree": NaN, "p_mw": 0.0, "q_mvar": 0.0}, "bus23": {"vm_pu": NaN, "va_degree": NaN, "p_mw": 0.0, "q_mvar": 0.0}, "bus24": {"vm_pu": NaN, "va_degree": NaN, "p_mw": 0.0, "q_mvar": 0.0}, "bus25": {"vm_pu": NaN, "va_degree": NaN, "p_mw": 0.0, "q_mvar": 0.0}, "bus26": {"vm_pu": NaN, "va_degree": NaN, "p_mw": 0.0, "q_mvar": 0.0}, "bus27": {"vm_pu": NaN, "va_degree": NaN, "p_mw": 0.0, "q_mvar": 0.0}, "bus28": {"vm_pu": NaN, "va_degree": NaN, "p_mw": 0.0, "q_mvar": 0.0}, "bus29": {"vm_pu": NaN, "va_degree": NaN, "p_mw": 0.0, "q_mvar": 0.0}}, {"bus0": {"vm_pu": 1.06, "va_degree": 0.0, "p_mw": -280.4548172030791, "q_mvar": -7509.957991381262}, "bus1": {"vm_pu": 1.0449999999999997, "va_degree": 0.2316417003084934, "p_mw": -18.3, "q_mvar": -104.15467876557231}, "bus2": {"vm_pu": 1.0351574638542969, "va_degree": 0.34825173408846277, "p_mw": 2.3999999999999986, "q_mvar": 1.1999999999999993}, "bus3": {"vm_pu": 1.0294630888664769, "va_degree": 0.45433300242248187, "p_mw": 7.599999999999998, "q_mvar": 1.5999999999999996}, "bus4": {"vm_pu": 1.01, "va_degree": 0.6265911351797677, "p_mw": 94.20000000000002, "q_mvar": 3081.468853202814}, "bus5": {"vm_pu": 1.019558106478215, "va_degree": 0.6038070463524091, "p_mw": 0.0, "q_mvar": 0.0}, "bus6": {"vm_pu": 1.0194735149733374, "va_degree": 0.5988130175699665, "p_mw": 22.80000000000001, "q_mvar": 10.899999999999999}, "bus7": {"vm_pu": 1.0099999999999998, "va_degree": 0.7528665987953651, "p_mw": 30.0, "q_mvar": 3994.8841357794154}, "bus8": {"vm_pu": 1.6899041420516933e-24, "va_degree": -179.39619295364758, "p_mw": 0.0, "q_mvar": 0.0}, "bus9": {"vm_pu": 1.019558106478215, "va_degree": 0.6038070463524091, "p_mw": 0.0, "q_mvar": 0.0}, "bus10": {"vm_pu": NaN, "va_degree": NaN, "p_mw": 0.0, "q_mvar": 0.0}, "bus11": {"vm_pu": 1.0660981341806628, "va_degree": -4.0437752983848885, "p_mw": 11.199999999999989, "q_mvar": 7.5}, "bus12": {"vm_pu": 1.0710000000000002, "va_degree": -4.0437752983848885, "p_mw": 0.0, "q_mvar": -40.8367088610255}, "bus13": {"vm_pu": 1.063107893848636, "va_degree": -4.224450434981335, "p_mw": 6.199999999999989, "q_mvar": 1.5999999999999943}, "bus14": {"vm_pu": 1.0603366830656074, "va_degree": -4.29562515082148, "p_mw": 8.199999999999989, "q_mvar": 2.5}, "bus15": {"vm_pu": 1.063770311484702, "va_degree": -4.125650388844039, "p_mw": 3.5, "q_mvar": 1.7999999999999972}, "bus16": {"vm_pu": 1.0623979400183199, "va_degree": -4.1920731274275385, "p_mw": 9.0, "q_mvar": 5.799999999999997}, "bus17": {"vm_pu": 1.0598686881133188, "va_degree": -4.323838176864339, "p_mw": 3.1999999999999886, "q_mvar": 0.9000000000000057}, "bus18": {"vm_pu": NaN, "va_degree": NaN, "p_mw": 0.0, "q_mvar": 0.0}, "bus19": {"vm_pu": NaN, "va_degree": NaN, "p_mw": 0.0, "q_mvar": 0.0}, "bus20": {"vm_pu": NaN, "va_degree": NaN, "p_mw": 0.0, "q_mvar": 0.0}, "bus21": {"vm_pu": NaN, "va_degree": NaN, "p_mw": 0.0, "q_mvar": 0.0}, "bus22": {"vm_pu": NaN, "va_degree": NaN, "p_mw": 0.0, "q_mvar": 0.0}, "bus23": {"vm_pu": NaN, "va_degree": NaN, "p_mw": 0.0, "q_mvar": 0.0}, "bus24": {"vm_pu": NaN, "va_degree": NaN, "p_mw": 0.0, "q_mvar": 0.0}, "bus25": {"vm_pu": NaN, "va_degree": NaN, "p_mw": 0.0, "q_mvar": 0.0}, "bus26": {"vm_pu": NaN, "va_degree": NaN, "p_mw": 0.0, "q_mvar": 0.0}, "bus27": {"vm_pu": NaN, "va_degree": NaN, "p_mw": 0.0, "q_mvar": 0.0}, "bus28": {"vm_pu": NaN, "va_degree": NaN, "p_mw": 0.0, "q_mvar": 0.0}, "bus29": {"vm_pu": NaN, "va_degree": NaN, "p_mw": 0.0, "q_mvar": 0.0}}, {"bus0": {"vm_pu": 1.06, "va_degree": 0.0, "p_mw": -290.0411274118141, "q_mvar": -7507.824468670296}, "bus1": {"vm_pu": 1.0449999999999997, "va_degree": 0.23080177420125012, "p_mw": -18.3, "q_mvar": -105.16860974994852}, "bus2": {"vm_pu": 1.0351502353292874, "va_degree": 0.3456105416738018, "p_mw": 2.3999999999999986, "q_mvar": 1.1999999999999993}, "bus3": {"vm_pu": 1.0294533016442675, "va_degree": 0.45106372624753704, "p_mw": 7.599999999999998, "q_mvar": 1.5999999999999996}, "bus4": {"vm_pu": 1.01, "va_degree": 0.6257512090725302, "p_mw": 94.20000000000002, "q_mvar": 3081.468853202822}, "bus5": {"vm_pu": 1.0195531822079424, "va_degree": 0.6004629688495866, "p_mw": 0.0, "q_mvar": 0.0}, "bus6": {"vm_pu": 1.0194685902943945, "va_degree": 0.5954688918224222, "p_mw": 22.80000000000001, "q_mvar": 10.899999999999999}, "bus7": {"vm_pu": 1.0099999999999996, "va_degree": 0.7494442339828216, "p_mw": 30.0, "q_mvar": 3992.8223635517775}, "bus8": {"vm_pu": 1.6899041420516933e-24, "va_degree": -179.3995370311504, "p_mw": 0.0, "q_mvar": 0.0}, "bus9": {"vm_pu": 1.0195531822079424, "va_degree": 0.6004629688495866, "p_mw": 0.0, "q_mvar": 0.0}, "bus10": {"vm_pu": NaN, "va_degree": NaN, "p_mw": 0.0, "q_mvar": 0.0}, "bus11": {"vm_pu": 1.065591237230809, "va_degree": -5.099613943339023, "p_mw": 11.199999999999989, "q_mvar": 7.5}, "bus12": {"vm_pu": 1.071, "va_degree": -5.099613943339023, "p_mw": 0.0, "q_mvar": -45.059591315713305}, "bus13": {"vm_pu": 1.0607913903601724, "va_degree": -5.374870617819901, "p_mw": 6.199999999999989, "q_mvar": 1.5999999999999943}, "bus14": {"vm_pu": 1.055577780165612, "va_degree": -5.50011822951627, "p_mw": 8.199999999999989, "q_mvar": 2.5}, "bus15": {"vm_pu": 1.0632622979606847, "va_degree": -5.181567086764219, "p_mw": 3.5, "q_mvar": 1.7999999999999972}, "bus16": {"vm_pu": 1.0618892684094738, "va_degree": -5.248053394697051, "p_mw": 9.0, "q_mvar": 5.799999999999997}, "bus17": {"vm_pu": 1.0535666570603612, "va_degree": -5.6095705803996845, "p_mw": 3.1999999999999886, "q_mvar": 0.9000000000000057}, "bus18": {"vm_pu": 1.0526535311892327, "va_degree": -5.6574919147944165, "p_mw": 9.5, "q_mvar": 3.4000000000000057}, "bus19": {"vm_pu": NaN, "va_degree": NaN, "p_mw": 0.0, "q_mvar": 0.0}, "bus20": {"vm_pu": NaN, "va_degree": NaN, "p_mw": 0.0, "q_mvar": 0.0}, "bus21": {"vm_pu": NaN, "va_degree": NaN, "p_mw": 0.0, "q_mvar": 0.0}, "bus22": {"vm_pu": NaN, "va_degree": NaN, "p_mw": 0.0, "q_mvar": 0.0}, "bus23": {"vm_pu": NaN, "va_degree": NaN, "p_mw": 0.0, "q_mvar": 0.0}, "bus24": {"vm_pu": NaN, "va_degree": NaN, "p_mw": 0.0, "q_mvar": 0.0}, "bus25": {"vm_pu": NaN, "va_degree": NaN, "p_mw": 0.0, "q_mvar": 0.0}, "bus26": {"vm_pu": NaN, "va_degree": NaN, "p_mw": 0.0, "q_mvar": 0.0}, "bus27": {"vm_pu": NaN, "va_degree": NaN, "p_mw": 0.0, "q_mvar": 0.0}, "bus28": {"vm_pu": NaN, "va_degree": NaN, "p_mw": 0.0, "q_mvar": 0.0}, "bus29": {"vm_pu": NaN, "va_degree": NaN, "p_mw": 0.0, "q_mvar": 0.0}}, {"bus0": {"vm_pu": 1.06, "va_degree": 0.0, "p_mw": -292.2736260254846, "q_mvar": -7507.332836029323}, "bus1": {"vm_pu": 1.0449999999999997, "va_degree": 0.23060615383924243, "p_mw": -18.3, "q_mvar": -105.41074097433993}, "bus2": {"vm_pu": 1.0351485055784544, "va_degree": 0.34499621188790613, "p_mw": 2.3999999999999986, "q_mvar": 1.1999999999999993}, "bus3": {"vm_pu": 1.029450965525172, "va_degree": 0.45030335398259186, "p_mw": 7.599999999999998, "q_mvar": 1.5999999999999996}, "bus4": {"vm_pu": 1.0099999999999998, "va_degree": 0.6255555887105206, "p_mw": 94.20000000000002, "q_mvar": 3081.4688532028076}, "bus5": {"vm_pu": 1.0195520068300707, "va_degree": 0.5996847418751198, "p_mw": 0.0, "q_mvar": 0.0}, "bus6": {"vm_pu": 1.0194674148189762, "va_degree": 0.5946906533322847, "p_mw": 22.80000000000001, "q_mvar": 10.899999999999999}, "bus7": {"vm_pu": 1.01, "va_degree": 0.7486473204337003, "p_mw": 30.0, "q_mvar": 3992.330237429548}, "bus8": {"vm_pu": 1.6907119356186396e-24, "va_degree": -179.40031525812486, "p_mw": 0.0, "q_mvar": 0.0}, "bus9": {"vm_pu": 1.0195520068300707, "va_degree": 0.5996847418751198, "p_mw": 0.0, "q_mvar": 0.0}, "bus10": {"vm_pu": NaN, "va_degree": NaN, "p_mw": 0.0, "q_mvar": 0.0}, "bus11": {"vm_pu": 1.065478452955139, "va_degree": -5.3458696403389725, "p_mw": 11.199999999999989, "q_mvar": 7.5}, "bus12": {"vm_pu": 1.0710000000000002, "va_degree": -5.3458696403389725, "p_mw": 0.0, "q_mvar": -45.99918019868073}, "bus13": {"vm_pu": 1.0602734087175898, "va_degree": -5.643632615934255, "p_mw": 6.199999999999989, "q_mvar": 1.5999999999999943}, "bus14": {"vm_pu": 1.0545039059929562, "va_degree": -5.782358340926565, "p_mw": 8.199999999999989, "q_mvar": 2.5}, "bus15": {"vm_pu": 1.0631492651016134, "va_degree": -5.427840165692292, "p_mw": 3.5, "q_mvar": 1.7999999999999972}, "bus16": {"vm_pu": 1.061776089040721, "va_degree": -5.494340630203084, "p_mw": 9.0, "q_mvar": 5.799999999999997}, "bus17": {"vm_pu": 1.0521484170251916, "va_degree": -5.911303546872706, "p_mw": 3.1999999999999886, "q_mvar": 0.9000000000000057}, "bus18": {"vm_pu": 1.0510318030306707, "va_degree": -5.97075882757049, "p_mw": 9.5, "q_mvar": 3.4000000000000057}, "bus19": {"vm_pu": 1.0509248470145056, "va_degree": -5.97675104932411, "p_mw": 2.1999999999999886, "q_mvar": 0.7000000000000028}, "bus20": {"vm_pu": NaN, "va_degree": NaN, "p_mw": 0.0, "q_mvar": 0.0}, "bus21": {"vm_pu": NaN, "va_degree": NaN, "p_mw": 0.0, "q_mvar": 0.0}, "bus22": {"vm_pu": NaN, "va_degree": NaN, "p_mw": 0.0, "q_mvar": 0.0}, "bus23": {"vm_pu": NaN, "va_degree": NaN, "p_mw": 0.0, "q_mvar": 0.0}, "bus24": {"vm_pu": NaN, "va_degree": NaN, "p_mw": 0.0, "q_mvar": 0.0}, "bus25": {"vm_pu": NaN, "va_degree": NaN, "p_mw": 0.0, "q_mvar": 0.0}, "bus26": {"vm_pu": NaN, "va_degree": NaN, "p_mw": 0.0, "q_mvar": 0.0}, "bus27": {"vm_pu": NaN, "va_degree": NaN, "p_mw": 0.0, "q_mvar": 0.0}, "bus28": {"vm_pu": NaN, "va_degree": NaN, "p_mw": 0.0, "q_mvar": 0.0}, "bus29": {"vm_pu": NaN, "va_degree": NaN, "p_mw": 0.0, "q_mvar": 0.0}}, {"bus0": {"vm_pu": 1.06, "va_degree": 0.0, "p_mw": -295.51777819338497, "q_mvar": -7506.629819974193}, "bus1": {"vm_pu": 1.045, "va_degree": 0.23032185529721513, "p_mw": -18.3, "q_mvar": -105.77571191769384}, "bus2": {"vm_pu": 1.0351458903852238, "va_degree": 0.3441051681968768, "p_mw": 2.3999999999999986, "q_mvar": 1.1999999999999993}, "bus3": {"vm_pu": 1.0294474460497176, "va_degree": 0.4492005919088212, "p_mw": 7.599999999999998, "q_mvar": 1.5999999999999996}, "bus4": {"vm_pu": 1.0099999999999998, "va_degree": 0.6252712901684975, "p_mw": 94.20000000000002, "q_mvar": 3081.468853202855}, "bus5": {"vm_pu": 1.019550236066744, "va_degree": 0.598555080587319, "p_mw": 0.0, "q_mvar": 0.0}, "bus6": {"vm_pu": 1.0194656439086907, "va_degree": 0.5935609746954966, "p_mw": 22.80000000000001, "q_mvar": 10.899999999999999}, "bus7": {"vm_pu": 1.0099999999999996, "va_degree": 0.7474895068373406, "p_mw": 30.0, "q_mvar": 3991.588825658529}, "bus8": {"vm_pu": 1.6911158324021127e-24, "va_degree": -179.4014449194127, "p_mw": 0.0, "q_mvar": 0.0}, "bus9": {"vm_pu": 1.019550236066744, "va_degree": 0.598555080587319, "p_mw": 0.0, "q_mvar": 0.0}, "bus10": {"vm_pu": NaN, "va_degree": NaN, "p_mw": 0.0, "q_mvar": 0.0}, "bus11": {"vm_pu": 1.0652474788210609, "va_degree": -5.70438350233838, "p_mw": 11.199999999999989, "q_mvar": 7.5}, "bus12": {"vm_pu": 1.0710000000000002, "va_degree": -5.704383502338381, "p_mw": 0.0, "q_mvar": -47.92339106356724}, "bus13": {"vm_pu": 1.059327233423586, "va_degree": -6.031705852491308, "p_mw": 6.199999999999989, "q_mvar": 1.5999999999999943}, "bus14": {"vm_pu": 1.0526506413045567, "va_degree": -6.184254110905594, "p_mw": 8.199999999999989, "q_mvar": 2.5}, "bus15": {"vm_pu": 1.0629177817201574, "va_degree": -5.786389641911583, "p_mw": 3.5, "q_mvar": 1.7999999999999972}, "bus16": {"vm_pu": 1.0615443055199147, "va_degree": -5.852919112223881, "p_mw": 9.0, "q_mvar": 5.799999999999997}, "bus17": {"vm_pu": 1.0502909630124144, "va_degree": -6.313654779718186, "p_mw": 3.1999999999999886, "q_mvar": 0.9000000000000057}, "bus18": {"vm_pu": 1.0491723678948628, "va_degree": -6.373320766215254, "p_mw": 9.5, "q_mvar": 3.4000000000000057}, "bus19": {"vm_pu": 1.0490652222627583, "va_degree": -6.3793342488422615, "p_mw": 2.1999999999999886, "q_mvar": 0.7000000000000028}, "bus20": {"vm_pu": NaN, "va_degree": NaN, "p_mw": 0.0, "q_mvar": 0.0}, "bus21": {"vm_pu": NaN, "va_degree": NaN, "p_mw": 0.0, "q_mvar": 0.0}, "bus22": {"vm_pu": 1.0520891644872634, "va_degree": -6.207361534383105, "p_mw": 3.1999999999999886, "q_mvar": 1.5999999999999943}, "bus23": {"vm_pu": NaN, "va_degree": NaN, "p_mw": 0.0, "q_mvar": 0.0}, "bus24": {"vm_pu": NaN, "va_degree": NaN, "p_mw": 0.0, "q_mvar": 0.0}, "bus25": {"vm_pu": NaN, "va_degree": NaN, "p_mw": 0.0, "q_mvar": 0.0}, "bus26": {"vm_pu": NaN, "va_degree": NaN, "p_mw": 0.0, "q_mvar": 0.0}, "bus27": {"vm_pu": NaN, "va_degree": NaN, "p_mw": 0.0, "q_mvar": 0.0}, "bus28": {"vm_pu": NaN, "va_degree": NaN, "p_mw": 0.0, "q_mvar": 0.0}, "bus29": {"vm_pu": NaN, "va_degree": NaN, "p_mw": 0.0, "q_mvar": 0.0}}, {"bus0": {"vm_pu": 1.06, "va_degree": 0.0, "p_mw": -304.42743590889876, "q_mvar": -7504.755713473842}, "bus1": {"vm_pu": 1.045, "va_degree": 0.2295409006162427, "p_mw": -18.3, "q_mvar": -106.84322180048802}, "bus2": {"vm_pu": 1.0351382035223324, "va_degree": 0.34166631362836364, "p_mw": 2.3999999999999986, "q_mvar": 1.1999999999999993}, "bus3": {"vm_pu": 1.0294371608528465, "va_degree": 0.44618277482378876, "p_mw": 7.599999999999998, "q_mvar": 1.5999999999999996}, "bus4": {"vm_pu": 1.0100000000000002, "va_degree": 0.6244903354875161, "p_mw": 94.20000000000002, "q_mvar": 3081.4688532027985}, "bus5": {"vm_pu": 1.0195450612461372, "va_degree": 0.5954586525039386, "p_mw": 0.0, "q_mvar": 0.0}, "bus6": {"vm_pu": 1.0194604686586135, "va_degree": 0.5904644959114775, "p_mw": 22.80000000000001, "q_mvar": 10.899999999999999}, "bus7": {"vm_pu": 1.0099999999999993, "va_degree": 0.7443108067888295, "p_mw": 30.0, "q_mvar": 3989.4221476501243}, "bus8": {"vm_pu": 1.7004054584219954e-24, "va_degree": -179.40454134749606, "p_mw": 0.0, "q_mvar": 0.0}, "bus9": {"vm_pu": 1.0195450612461372, "va_degree": 0.5954586525039386, "p_mw": 0.0, "q_mvar": 0.0}, "bus10": {"vm_pu": NaN, "va_degree": NaN, "p_mw": 0.0, "q_mvar": 0.0}, "bus11": {"vm_pu": 1.0643214078637009, "va_degree": -6.693015089294305, "p_mw": 11.199999999999989, "q_mvar": 7.5}, "bus12": {"vm_pu": 1.071, "va_degree": -6.693015089294308, "p_mw": 0.0, "q_mvar": -55.63834929868585}, "bus13": {"vm_pu": 1.0558936249646949, "va_degree": -7.08821156094877, "p_mw": 6.199999999999989, "q_mvar": 1.5999999999999943}, "bus14": {"vm_pu": 1.046297298806947, "va_degree": -7.254046446193181, "p_mw": 8.199999999999989, "q_mvar": 2.5}, "bus15": {"vm_pu": 1.0619896667316329, "va_degree": -6.775164254506648, "p_mw": 3.5, "q_mvar": 1.7999999999999972}, "bus16": {"vm_pu": 1.0606149858243545, "va_degree": -6.8418102122422555, "p_mw": 9.0, "q_mvar": 5.799999999999997}, "bus17": {"vm_pu": 1.0439231443324424, "va_degree": -7.385026997430105, "p_mw": 3.1999999999999886, "q_mvar": 0.9000000000000057}, "bus18": {"vm_pu": 1.0427977036525606, "va_degree": -7.445423905859256, "p_mw": 9.5, "q_mvar": 3.4000000000000057}, "bus19": {"vm_pu": 1.0426899028285534, "va_degree": -7.451511142153135, "p_mw": 2.1999999999999886, "q_mvar": 0.7000000000000028}, "bus20": {"vm_pu": NaN, "va_degree": NaN, "p_mw": 0.0, "q_mvar": 0.0}, "bus21": {"vm_pu": NaN, "va_degree": NaN, "p_mw": 0.0, "q_mvar": 0.0}, "bus22": {"vm_pu": 1.043768353424993, "va_degree": -7.329865039100351, "p_mw": 3.1999999999999886, "q_mvar": 1.5999999999999943}, "bus23": {"vm_pu": 1.0411592090574524, "va_degree": -7.4007726125321485, "p_mw": 8.699999999999989, "q_mvar": 6.700000000000003}, "bus24": {"vm_pu": NaN, "va_degree": NaN, "p_mw": 0.0, "q_mvar": 0.0}, "bus25": {"vm_pu": NaN, "va_degree": NaN, "p_mw": 0.0, "q_mvar": 0.0}, "bus26": {"vm_pu": NaN, "va_degree": NaN, "p_mw": 0.0, "q_mvar": 0.0}, "bus27": {"vm_pu": NaN, "va_degree": NaN, "p_mw": 0.0, "q_mvar": 0.0}, "bus28": {"vm_pu": NaN, "va_degree": NaN, "p_mw": 0.0, "q_mvar": 0.0}, "bus29": {"vm_pu": NaN, "va_degree": NaN, "p_mw": 0.0, "q_mvar": 0.0}}, {"bus0": {"vm_pu": 1.06, "va_degree": 0.0, "p_mw": -308.0484499275136, "q_mvar": -7504.000191329964}, "bus1": {"vm_pu": 1.0450000000000002, "va_degree": 0.22922349179648704, "p_mw": -18.3, "q_mvar": -107.2841090380487}, "bus2": {"vm_pu": 1.0351350252684592, "va_degree": 0.34067601784144125, "p_mw": 2.3999999999999986, "q_mvar": 1.1999999999999993}, "bus3": {"vm_pu": 1.0294329143797325, "va_degree": 0.44495744543629934, "p_mw": 7.599999999999998, "q_mvar": 1.5999999999999996}, "bus4": {"vm_pu": 1.0099999999999998, "va_degree": 0.6241729266677687, "p_mw": 94.20000000000002, "q_mvar": 3081.468853202855}, "bus5": {"vm_pu": 1.0195429247053596, "va_degree": 0.5942008660988144, "p_mw": 0.0, "q_mvar": 0.0}, "bus6": {"vm_pu": 1.0194583319405182, "va_degree": 0.589206688573237, "p_mw": 22.80000000000001, "q_mvar": 10.899999999999999}, "bus7": {"vm_pu": 1.01, "va_degree": 0.7430190523038992, "p_mw": 30.0, "q_mvar": 3988.5275857708325}, "bus8": {"vm_pu": 1.7040405294732538e-24, "va_degree": -179.40579913390118, "p_mw": 0.0, "q_mvar": 0.0}, "bus9": {"vm_pu": 1.0195429247053596, "va_degree": 0.5942008660988144, "p_mw": 0.0, "q_mvar": 0.0}, "bus10": {"vm_pu": NaN, "va_degree": NaN, "p_mw": 0.0, "q_mvar": 0.0}, "bus11": {"vm_pu": 1.0639811959598093, "va_degree": -7.095628043263725, "p_mw": 11.199999999999989, "q_mvar": 7.5}, "bus12": {"vm_pu": 1.071, "va_degree": -7.095628043263723, "p_mw": 0.0, "q_mvar": -58.47260363822102}, "bus13": {"vm_pu": 1.0546147737316613, "va_degree": -7.520615290438593, "p_mw": 6.199999999999989, "q_mvar": 1.5999999999999943}, "bus14": {"vm_pu": 1.043894649390995, "va_degree": -7.695801803754086, "p_mw": 8.199999999999989, "q_mvar": 2.5}, "bus15": {"vm_pu": 1.061648703004404, "va_degree": -7.1778298460425765, "p_mw": 3.5, "q_mvar": 1.7999999999999972}, "bus16": {"vm_pu": 1.060273578989204, "va_degree": -7.244518674915486, "p_mw": 9.0, "q_mvar": 5.799999999999997}, "bus17": {"vm_pu": 1.0415149738137406, "va_degree": -7.827387374316501, "p_mw": 3.1999999999999886, "q_mvar": 0.9000000000000057}, "bus18": {"vm_pu": 1.040386922369869, "va_degree": -7.888064206564999, "p_mw": 9.5, "q_mvar": 3.4000000000000057}, "bus19": {"vm_pu": 1.0402788716709224, "va_degree": -7.894179689127154, "p_mw": 2.1999999999999886, "q_mvar": 0.7000000000000028}, "bus20": {"vm_pu": NaN, "va_degree": NaN, "p_mw": 0.0, "q_mvar": 0.0}, "bus21": {"vm_pu": NaN, "va_degree": NaN, "p_mw": 0.0, "q_mvar": 0.0}, "bus22": {"vm_pu": 1.0406304733548122, "va_degree": -7.7951386162395515, "p_mw": 3.1999999999999886, "q_mvar": 1.5999999999999943}, "bus23": {"vm_pu": 1.037047820447255, "va_degree": -7.897831100857474, "p_mw": 8.699999999999989, "q_mvar": 6.700000000000003}, "bus24": {"vm_pu": 1.035789160052544, "va_degree": -7.9330399904945805, "p_mw": 0.0, "q_mvar": 0.0}, "bus25": {"vm_pu": 1.0342223592770434, "va_degree": -7.969624379933223, "p_mw": 3.5, "q_mvar": 2.299999999999997}, "bus26": {"vm_pu": NaN, "va_degree": NaN, "p_mw": 0.0, "q_mvar": 0.0}, "bus27": {"vm_pu": NaN, "va_degree": NaN, "p_mw": 0.0, "q_mvar": 0.0}, "bus28": {"vm_pu": NaN, "va_degree": NaN, "p_mw": 0.0, "q_mvar": 0.0}, "bus29": {"vm_pu": NaN, "va_degree": NaN, "p_mw": 0.0, "q_mvar": 0.0}}, {"bus0": {"vm_pu": 1.06, "va_degree": 0.0, "p_mw": -310.5329181899915, "q_mvar": -7503.476817973754}, "bus1": {"vm_pu": 1.045, "va_degree": 0.2290057243880308, "p_mw": -18.3, "q_mvar": -107.5808485426558}, "bus2": {"vm_pu": 1.035132889426868, "va_degree": 0.3399958151586108, "p_mw": 2.3999999999999986, "q_mvar": 1.1999999999999993}, "bus3": {"vm_pu": 1.029430055897951, "va_degree": 0.44411575656982594, "p_mw": 7.599999999999998, "q_mvar": 1.5999999999999996}, "bus4": {"vm_pu": 1.01, "va_degree": 0.6239551592593082, "p_mw": 94.20000000000002, "q_mvar": 3081.468853202823}, "bus5": {"vm_pu": 1.0195414865086412, "va_degree": 0.5933373287980118, "p_mw": 0.0, "q_mvar": 0.0}, "bus6": {"vm_pu": 1.0194568936244393, "va_degree": 0.5883431371813866, "p_mw": 22.80000000000001, "q_mvar": 10.899999999999999}, "bus7": {"vm_pu": 1.01, "va_degree": 0.7421326495565042, "p_mw": 30.0, "q_mvar": 3987.9254179335785}, "bus8": {"vm_pu": 1.706867806957566e-24, "va_degree": -179.406662671202, "p_mw": 0.0, "q_mvar": 0.0}, "bus9": {"vm_pu": 1.0195414865086412, "va_degree": 0.5933373287980118, "p_mw": 0.0, "q_mvar": 0.0}, "bus10": {"vm_pu": NaN, "va_degree": NaN, "p_mw": 0.0, "q_mvar": 0.0}, "bus11": {"vm_pu": 1.0638229950803155, "va_degree": -7.3716780840564855, "p_mw": 11.199999999999989, "q_mvar": 7.5}, "bus12": {"vm_pu": 1.0710000000000002, "va_degree": -7.371678084056488, "p_mw": 0.0, "q_mvar": -59.79055143515359}, "bus13": {"vm_pu": 1.0539624593909116, "va_degree": -7.820923662878018, "p_mw": 6.199999999999989, "q_mvar": 1.5999999999999943}, "bus14": {"vm_pu": 1.0425894109159122, "va_degree": -8.00958612696692, "p_mw": 8.199999999999989, "q_mvar": 2.5}, "bus15": {"vm_pu": 1.0614901523560254, "va_degree": -7.453904380911012, "p_mw": 3.5, "q_mvar": 1.7999999999999972}, "bus16": {"vm_pu": 1.0601148221948806, "va_degree": -7.520613159276662, "p_mw": 9.0, "q_mvar": 5.799999999999997}, "bus17": {"vm_pu": 1.0402067251682803, "va_degree": -8.141502134273042, "p_mw": 3.1999999999999886, "q_mvar": 0.9000000000000057}, "bus18": {"vm_pu": 1.0390772503237218, "va_degree": -8.20233185310711, "p_mw": 9.5, "q_mvar": 3.4000000000000057}, "bus19": {"vm_pu": 1.0389690633923723, "va_degree": -8.208462763124276, "p_mw": 2.1999999999999886, "q_mvar": 0.7000000000000028}, "bus20": {"vm_pu": NaN, "va_degree": NaN, "p_mw": 0.0, "q_mvar": 0.0}, "bus21": {"vm_pu": NaN, "va_degree": NaN, "p_mw": 0.0, "q_mvar": 0.0}, "bus22": {"vm_pu": 1.038939591387764, "va_degree": -8.128391650576468, "p_mw": 3.1999999999999886, "q_mvar": 1.5999999999999943}, "bus23": {"vm_pu": 1.0348481452878757, "va_degree": -8.25737740441822, "p_mw": 8.699999999999989, "q_mvar": 6.700000000000003}, "bus24": {"vm_pu": 1.0329185547509738, "va_degree": -8.32329496284325, "p_mw": 0.0, "q_mvar": 0.0}, "bus25": {"vm_pu": 1.0313473851963375, "va_degree": -8.360083290456839, "p_mw": 3.5, "q_mvar": 2.299999999999997}, "bus26": {"vm_pu": 1.0325175920247391, "va_degree": -8.343151834657693, "p_mw": 0.0, "q_mvar": 0.0}, "bus27": {"vm_pu": 1.0325175920247391, "va_degree": -8.343151834657693, "p_mw": 0.0, "q_mvar": 0.0}, "bus28": {"vm_pu": 1.0317151578910364, "va_degree": -8.382609368440953, "p_mw": 2.4000000000000057, "q_mvar": 0.9000000000000057}, "bus29": {"vm_pu": NaN, "va_degree": NaN, "p_mw": 0.0, "q_mvar": 0.0}}, {"bus0": {"vm_pu": 1.06, "va_degree": 0.0, "p_mw": -321.6475861091028, "q_mvar": -7501.147349820835}, "bus1": {"vm_pu": 1.045, "va_degree": 0.22803147345349448, "p_mw": -18.3, "q_mvar": -108.92196561204655}, "bus2": {"vm_pu": 1.0351232301078648, "va_degree": 0.3369545319133499, "p_mw": 2.3999999999999986, "q_mvar": 1.1999999999999993}, "bus3": {"vm_pu": 1.0294171404445127, "va_degree": 0.4403525436882523, "p_mw": 7.599999999999998, "q_mvar": 1.5999999999999996}, "bus4": {"vm_pu": 1.0099999999999996, "va_degree": 0.6229809083247754, "p_mw": 94.20000000000002, "q_mvar": 3081.4688532028595}, "bus5": {"vm_pu": 1.0195349883149762, "va_degree": 0.5894753959736118, "p_mw": 0.0, "q_mvar": 0.0}, "bus6": {"vm_pu": 1.0194503948914642, "va_degree": 0.5844811406887526, "p_mw": 22.80000000000001, "q_mvar": 10.899999999999999}, "bus7": {"vm_pu": 1.0099999999999998, "va_degree": 0.738167403116368, "p_mw": 30.0, "q_mvar": 3985.2046465717567}, "bus8": {"vm_pu": 1.7311016139659554e-24, "va_degree": -179.41052460402636, "p_mw": 0.0, "q_mvar": 0.0}, "bus9": {"vm_pu": 1.0195349883149762, "va_degree": 0.5894753959736118, "p_mw": 0.0, "q_mvar": 0.0}, "bus10": {"vm_pu": NaN, "va_degree": NaN, "p_mw": 0.0, "q_mvar": 0.0}, "bus11": {"vm_pu": 1.0633130211007429, "va_degree": -8.60824398744964, "p_mw": 11.199999999999989, "q_mvar": 7.5}, "bus12": {"vm_pu": 1.0710000000000004, "va_degree": -8.608243987449642, "p_mw": 0.0, "q_mvar": -64.03906816288043}, "bus13": {"vm_pu": 1.051662719868927, "va_degree": -9.176937938986413, "p_mw": 6.199999999999989, "q_mvar": 1.5999999999999943}, "bus14": {"vm_pu": 1.0377025012930323, "va_degree": -9.446288345492631, "p_mw": 8.199999999999989, "q_mvar": 2.5}, "bus15": {"vm_pu": 1.0609790501492988, "va_degree": -8.690549317656547, "p_mw": 3.5, "q_mvar": 1.7999999999999972}, "bus16": {"vm_pu": 1.0596030550365247, "va_degree": -8.757322465999223, "p_mw": 9.0, "q_mvar": 5.799999999999997}, "bus17": {"vm_pu": 1.0353084769362153, "va_degree": -9.579452660476335, "p_mw": 3.1999999999999886, "q_mvar": 0.9000000000000057}, "bus18": {"vm_pu": 1.034173640591989, "va_degree": -9.640859970167057, "p_mw": 9.5, "q_mvar": 3.4000000000000057}, "bus19": {"vm_pu": 1.0340649405199849, "va_degree": -9.647049164463706, "p_mw": 2.1999999999999886, "q_mvar": 0.7000000000000028}, "bus20": {"vm_pu": NaN, "va_degree": NaN, "p_mw": 0.0, "q_mvar": 0.0}, "bus21": {"vm_pu": NaN, "va_degree": NaN, "p_mw": 0.0, "q_mvar": 0.0}, "bus22": {"vm_pu": 1.032666971647272, "va_degree": -9.66227552037349, "p_mw": 3.1999999999999886, "q_mvar": 1.5999999999999943}, "bus23": {"vm_pu": 1.0267588704752575, "va_degree": -9.922796861137812, "p_mw": 8.699999999999989, "q_mvar": 6.700000000000003}, "bus24": {"vm_pu": 1.0223911570007223, "va_degree": -10.146757756159493, "p_mw": 0.0, "q_mvar": 0.0}, "bus25": {"vm_pu": 1.0208037547631454, "va_degree": -10.184308777528214, "p_mw": 3.5, "q_mvar": 2.299999999999997}, "bus26": {"vm_pu": 1.0205575909819309, "va_degree": -10.268138783277388, "p_mw": 0.0, "q_mvar": 0.0}, "bus27": {"vm_pu": 1.0205575909819309, "va_degree": -10.268138783277388, "p_mw": 0.0, "q_mvar": 0.0}, "bus28": {"vm_pu": 1.0168955585016621, "va_degree": -10.5106457851081, "p_mw": 2.4000000000000057, "q_mvar": 0.9000000000000057}, "bus29": {"vm_pu": 1.0138044970508902, "va_degree": -10.732604222541399, "p_mw": 10.600000000000023, "q_mvar": 1.9000000000000057}}, {"bus0": {"vm_pu": 1.06, "va_degree": 0.0, "p_mw": -327.0675312763356, "q_mvar": -7496.779010620989}, "bus1": {"vm_pu": 1.0449999999999995, "va_degree": 0.22756584296363935, "p_mw": -18.3, "q_mvar": -105.85133958914848}, "bus2": {"vm_pu": 1.0351474126106113, "va_degree": 0.3349973255767524, "p_mw": 2.3999999999999986, "q_mvar": 1.1999999999999993}, "bus3": {"vm_pu": 1.0294463334847397, "va_degree": 0.43790000684820934, "p_mw": 7.599999999999998, "q_mvar": 1.5999999999999996}, "bus4": {"vm_pu": 1.0099999999999993, "va_degree": 0.6225152778349203, "p_mw": 94.20000000000002, "q_mvar": 3081.4688532028476}, "bus5": {"vm_pu": 1.019546094643619, "va_degree": 0.5818203312768938, "p_mw": 0.0, "q_mvar": 0.0}, "bus6": {"vm_pu": 1.01946150214186, "va_degree": 0.5768261848092682, "p_mw": 22.80000000000001, "q_mvar": 10.899999999999999}, "bus7": {"vm_pu": 1.0099999999999998, "va_degree": 0.7306889151169784, "p_mw": 30.0, "q_mvar": 3989.8548273759234}, "bus8": {"vm_pu": 1.7181769168948143e-24, "va_degree": -179.41817966872313, "p_mw": 0.0, "q_mvar": 0.0}, "bus9": {"vm_pu": 1.03907984467746, "va_degree": -3.8189948382417676, "p_mw": 5.800000000000011, "q_mvar": 2.0}, "bus10": {"vm_pu": NaN, "va_degree": NaN, "p_mw": 0.0, "q_mvar": 0.0}, "bus11": {"vm_pu": 1.062310521777638, "va_degree": -4.930477850576283, "p_mw": 11.199999999999989, "q_mvar": 7.5}, "bus12": {"vm_pu": 1.0710000000000002, "va_degree": -4.930477850576283, "p_mw": 0.0, "q_mvar": -72.39073964876218}, "bus13": {"vm_pu": 1.051293382161, "va_degree": -5.019695171191673, "p_mw": 6.199999999999989, "q_mvar": 1.5999999999999943}, "bus14": {"vm_pu": 1.0414219273052159, "va_degree": -4.8252802038033655, "p_mw": 8.199999999999989, "q_mvar": 2.5}, "bus15": {"vm_pu": 1.0599743297764301, "va_degree": -5.012938876108724, "p_mw": 3.5, "q_mvar": 1.7999999999999972}, "bus16": {"vm_pu": 1.058597025627838, "va_degree": -5.079838834419942, "p_mw": 9.0, "q_mvar": 5.799999999999997}, "bus17": {"vm_pu": 1.039536240200717, "va_degree": -4.5347683236839265, "p_mw": 3.1999999999999886, "q_mvar": 0.9000000000000057}, "bus18": {"vm_pu": 1.0387254793926957, "va_degree": -4.344787584261028, "p_mw": 9.5, "q_mvar": 3.4000000000000057}, "bus19": {"vm_pu": 1.0388012115830696, "va_degree": -4.218547717491469, "p_mw": 2.1999999999999886, "q_mvar": 0.7000000000000028}, "bus20": {"vm_pu": NaN, "va_degree": NaN, "p_mw": 0.0, "q_mvar": 0.0}, "bus21": {"vm_pu": NaN, "va_degree": NaN, "p_mw": 0.0, "q_mvar": 0.0}, "bus22": {"vm_pu": 1.0364053233990103, "va_degree": -5.039718843083272, "p_mw": 3.1999999999999886, "q_mvar": 1.5999999999999943}, "bus23": {"vm_pu": 1.0305194024333508, "va_degree": -5.298351810708562, "p_mw": 8.699999999999989, "q_mvar": 6.700000000000003}, "bus24": {"vm_pu": 1.0261682571189927, "va_degree": -5.520674810272254, "p_mw": 0.0, "q_mvar": 0.0}, "bus25": {"vm_pu": 1.0245867174725745, "va_degree": -5.5579494795760125, "p_mw": 3.5, "q_mvar": 2.299999999999997}, "bus26": {"vm_pu": 1.0243416822505989, "va_degree": -5.641162259071372, "p_mw": 0.0, "q_mvar": 0.0}, "bus27": {"vm_pu": 1.0243416822505989, "va_degree": -5.641162259071372, "p_mw": 0.0, "q_mvar": 0.0}, "bus28": {"vm_pu": 1.020693511304807, "va_degree": -5.881874364900183, "p_mw": 2.4000000000000057, "q_mvar": 0.9000000000000057}, "bus29": {"vm_pu": 1.0176140783155172, "va_degree": -6.102179056459813, "p_mw": 10.600000000000023, "q_mvar": 1.9000000000000057}}, {"bus0": {"vm_pu": 1.06, "va_degree": 0.0, "p_mw": -344.73942224802414, "q_mvar": -7493.116323180093}, "bus1": {"vm_pu": 1.0450000000000004, "va_degree": 0.22601671576246612, "p_mw": -18.3, "q_mvar": -108.0303275883196}, "bus2": {"vm_pu": 1.035131698944347, "va_degree": 0.33016776060636915, "p_mw": 2.3999999999999986, "q_mvar": 1.1999999999999993}, "bus3": {"vm_pu": 1.029425364158709, "va_degree": 0.4319243704024626, "p_mw": 7.599999999999998, "q_mvar": 1.5999999999999996}, "bus4": {"vm_pu": 1.0099999999999998, "va_degree": 0.620966150633745, "p_mw": 94.20000000000002, "q_mvar": 3081.4688532028586}, "bus5": {"vm_pu": 1.0195247656151527, "va_degree": 0.5745352423246141, "p_mw": 0.0, "q_mvar": 0.0}, "bus6": {"vm_pu": 1.0194401713432057, "va_degree": 0.5695408868769632, "p_mw": 22.80000000000001, "q_mvar": 10.899999999999999}, "bus7": {"vm_pu": 1.01, "va_degree": 0.7230647178238843, "p_mw": 30.0, "q_mvar": 3980.92443446792}, "bus8": {"vm_pu": 1.74321851747015e-24, "va_degree": -179.42546475767534, "p_mw": 0.0, "q_mvar": 0.0}, "bus9": {"vm_pu": 1.0275181122547803, "va_degree": -4.953900660617278, "p_mw": 5.800000000000011, "q_mvar": 2.0}, "bus10": {"vm_pu": NaN, "va_degree": NaN, "p_mw": 0.0, "q_mvar": 0.0}, "bus11": {"vm_pu": 1.0614561081477063, "va_degree": -5.8534754024778355, "p_mw": 11.199999999999989, "q_mvar": 7.5}, "bus12": {"vm_pu": 1.071, "va_degree": -5.853475402477834, "p_mw": 0.0, "q_mvar": -79.50873143768285}, "bus13": {"vm_pu": 1.0480885276460847, "va_degree": -6.005445043166141, "p_mw": 6.199999999999989, "q_mvar": 1.5999999999999943}, "bus14": {"vm_pu": 1.0354804399246353, "va_degree": -5.820670199586387, "p_mw": 8.199999999999989, "q_mvar": 2.5}, "bus15": {"vm_pu": 1.0591180198290882, "va_degree": -5.936069473764087, "p_mw": 3.5, "q_mvar": 1.7999999999999972}, "bus16": {"vm_pu": 1.0577395980353266, "va_degree": -6.003077796026241, "p_mw": 9.0, "q_mvar": 5.799999999999997}, "bus17": {"vm_pu": 1.0316093446613357, "va_degree": -5.580075961296272, "p_mw": 3.1999999999999886, "q_mvar": 0.9000000000000057}, "bus18": {"vm_pu": 1.0296194414856832, "va_degree": -5.418813796389998, "p_mw": 9.5, "q_mvar": 3.4000000000000057}, "bus19": {"vm_pu": 1.0290749051242805, "va_degree": -5.306955981797953, "p_mw": 2.1999999999999886, "q_mvar": 0.7000000000000028}, "bus20": {"vm_pu": 1.0262222046130904, "va_degree": -4.999854184530265, "p_mw": 17.5, "q_mvar": 11.200000000000003}, "bus21": {"vm_pu": NaN, "va_degree": NaN, "p_mw": 0.0, "q_mvar": 0.0}, "bus22": {"vm_pu": 1.0304335336194903, "va_degree": -6.037590535241792, "p_mw": 3.200000000000017, "q_mvar": 1.5999999999999943}, "bus23": {"vm_pu": 1.0245120995612484, "va_degree": -6.299249973675815, "p_mw": 8.699999999999989, "q_mvar": 6.700000000000003}, "bus24": {"vm_pu": 1.0201344257654181, "va_degree": -6.524198111764258, "p_mw": 0.0, "q_mvar": 0.0}, "bus25": {"vm_pu": 1.0185434999395857, "va_degree": -6.5619157171479285, "p_mw": 3.5, "q_mvar": 2.299999999999997}, "bus26": {"vm_pu": 1.0182966566635927, "va_degree": -6.646117786906359, "p_mw": 0.0, "q_mvar": 0.0}, "bus27": {"vm_pu": 1.0182966566635927, "va_degree": -6.646117786906359, "p_mw": 0.0, "q_mvar": 0.0}, "bus28": {"vm_pu": 1.0146262911492785, "va_degree": -6.889706820326853, "p_mw": 2.3999999999999773, "q_mvar": 0.9000000000000057}, "bus29": {"vm_pu": 1.0115282394832081, "va_degree": -7.112662278595935, "p_mw": 10.600000000000023, "q_mvar": 1.9000000000000057}}, {"bus0": {"vm_pu": 1.06, "va_degree": 0.0, "p_mw": -344.73942224802414, "q_mvar": -7493.116323180093}, "bus1": {"vm_pu": 1.0450000000000004, "va_degree": 0.22601671576246612, "p_mw": -18.3, "q_mvar": -108.0303275883196}, "bus2": {"vm_pu": 1.035131698944347, "va_degree": 0.33016776060636915, "p_mw": 2.3999999999999986, "q_mvar": 1.1999999999999993}, "bus3": {"vm_pu": 1.029425364158709, "va_degree": 0.4319243704024626, "p_mw": 7.599999999999998, "q_mvar": 1.5999999999999996}, "bus4": {"vm_pu": 1.0099999999999998, "va_degree": 0.620966150633745, "p_mw": 94.20000000000002, "q_mvar": 3081.4688532028586}, "bus5": {"vm_pu": 1.0195247656151527, "va_degree": 0.5745352423246141, "p_mw": 0.0, "q_mvar": 0.0}, "bus6": {"vm_pu": 1.0194401713432057, "va_degree": 0.5695408868769632, "p_mw": 22.80000000000001, "q_mvar": 10.899999999999999}, "bus7": {"vm_pu": 1.01, "va_degree": 0.7230647178238843, "p_mw": 30.0, "q_mvar": 3980.92443446792}, "bus8": {"vm_pu": 1.74321851747015e-24, "va_degree": -179.42546475767534, "p_mw": 0.0, "q_mvar": 0.0}, "bus9": {"vm_pu": 1.0275181122547803, "va_degree": -4.953900660617278, "p_mw": 5.800000000000011, "q_mvar": 2.0}, "bus10": {"vm_pu": NaN, "va_degree": NaN, "p_mw": 0.0, "q_mvar": 0.0}, "bus11": {"vm_pu": 1.0614561081477063, "va_degree": -5.8534754024778355, "p_mw": 11.199999999999989, "q_mvar": 7.5}, "bus12": {"vm_pu": 1.071, "va_degree": -5.853475402477834, "p_mw": 0.0, "q_mvar": -79.50873143768285}, "bus13": {"vm_pu": 1.0480885276460847, "va_degree": -6.005445043166141, "p_mw": 6.199999999999989, "q_mvar": 1.5999999999999943}, "bus14": {"vm_pu": 1.0354804399246353, "va_degree": -5.820670199586387, "p_mw": 8.199999999999989, "q_mvar": 2.5}, "bus15": {"vm_pu": 1.0591180198290882, "va_degree": -5.936069473764087, "p_mw": 3.5, "q_mvar": 1.7999999999999972}, "bus16": {"vm_pu": 1.0577395980353266, "va_degree": -6.003077796026241, "p_mw": 9.0, "q_mvar": 5.799999999999997}, "bus17": {"vm_pu": 1.0316093446613357, "va_degree": -5.580075961296272, "p_mw": 3.1999999999999886, "q_mvar": 0.9000000000000057}, "bus18": {"vm_pu": 1.0296194414856832, "va_degree": -5.418813796389998, "p_mw": 9.5, "q_mvar": 3.4000000000000057}, "bus19": {"vm_pu": 1.0290749051242805, "va_degree": -5.306955981797953, "p_mw": 2.1999999999999886, "q_mvar": 0.7000000000000028}, "bus20": {"vm_pu": 1.0262222046130904, "va_degree": -4.999854184530265, "p_mw": 17.5, "q_mvar": 11.200000000000003}, "bus21": {"vm_pu": NaN, "va_degree": NaN, "p_mw": 0.0, "q_mvar": 0.0}, "bus22": {"vm_pu": 1.0304335336194903, "va_degree": -6.037590535241792, "p_mw": 3.200000000000017, "q_mvar": 1.5999999999999943}, "bus23": {"vm_pu": 1.0245120995612484, "va_degree": -6.299249973675815, "p_mw": 8.699999999999989, "q_mvar": 6.700000000000003}, "bus24": {"vm_pu": 1.0201344257654181, "va_degree": -6.524198111764258, "p_mw": 0.0, "q_mvar": 0.0}, "bus25": {"vm_pu": 1.0185434999395857, "va_degree": -6.5619157171479285, "p_mw": 3.5, "q_mvar": 2.299999999999997}, "bus26": {"vm_pu": 1.0182966566635927, "va_degree": -6.646117786906359, "p_mw": 0.0, "q_mvar": 0.0}, "bus27": {"vm_pu": 1.0182966566635927, "va_degree": -6.646117786906359, "p_mw": 0.0, "q_mvar": 0.0}, "bus28": {"vm_pu": 1.0146262911492785, "va_degree": -6.889706820326853, "p_mw": 2.3999999999999773, "q_mvar": 0.9000000000000057}, "bus29": {"vm_pu": 1.0115282394832081, "va_degree": -7.112662278595935, "p_mw": 10.600000000000023, "q_mvar": 1.9000000000000057}}]}