{"static": {"gen0": {"bus": 0, "max_q_mvar": 0.0, "min_q_mvar": 0.0, "is_black_start": true}, "gen1": {"bus": 1, "max_q_mvar": 50.0, "min_q_mvar": -40.0, "is_black_start": false}, "gen2": {"bus": 4, "max_q_mvar": 40.0, "min_q_mvar": -40.0, "is_black_start": false}, "gen3": {"bus": 7, "max_q_mvar": 40.0, "min_q_mvar": -10.0, "is_black_start": false}, "gen4": {"bus": 10, "max_q_mvar": 24.0, "min_q_mvar": -6.0, "is_black_start": false}, "gen5": {"bus": 12, "max_q_mvar": 24.0, "min_q_mvar": -6.0, "is_black_start": false}}, "dynamic": [{"gen0": {"p_mw": 1.2000083114457811, "q_mvar": 0.5999049092722999, "va_degree": 0.0, "vm_pu": 1.06, "is_open": true}, "gen1": {"p_mw": 0.0, "q_mvar": 0.0, "va_degree": 0.0, "vm_pu": 0.0, "is_open": false}, "gen2": {"p_mw": 0.0, "q_mvar": 0.0, "va_degree": 0.0, "vm_pu": 0.0, "is_open": false}, "gen3": {"p_mw": 0.0, "q_mvar": 0.0, "va_degree": 0.0, "vm_pu": 0.0, "is_open": false}, "gen4": {"p_mw": 0.0, "q_mvar": 0.0, "va_degree": 0.0, "vm_pu": 0.0, "is_open": false}, "gen5": {"p_mw": 0.0, "q_mvar": 0.0, "va_degree": 0.0, "vm_pu": 0.0, "is_open": false}}, {"gen0": {"p_mw": 5.000144837775479, "q_mvar": 1.4003621320899402, "va_degree": 0.0, "vm_pu": 1.06, "is_open": true}, "gen1": {"p_mw": 0.0, "q_mvar": 0.0, "va_degree": 0.0, "vm_pu": 0.0, "is_open": false}, "gen2": {"p_mw": 0.0, "q_mvar": 0.0, "va_degree": 0.0, "vm_pu": 0.0, "is_open": false}, "gen3": {"p_mw": 0.0, "q_mvar": 0.0, "va_degree": 0.0, "vm_pu": 0.0, "is_open": false}, "gen4": {"p_mw": 0.0, "q_mvar": 0.0, "va_degree": 0.0, "vm_pu": 0.0, "is_open": false}, "gen5": {"p_mw": 0.0, "q_mvar": 0.0, "va_degree": 0.0, "vm_pu": 0.0, "is_open": false}}, {"gen0": {"p_mw": 16.48481556758656, "q_mvar": 107.62473282444597, "va_degree": 0.0, "vm_pu": 1.06, "is_open": true}, "gen1": {"p_mw": 0.0, "q_mvar": 0.0, "va_degree": 0.0, "vm_pu": 0.0, "is_open": false}, "gen2": {"p_mw": 0.0, "q_mvar": 0.0, "va_degree": 0.0, "vm_pu": 0.0, "is_open": false}, "gen3": {"p_mw": 0.0, "q_mvar": 0.0, "va_degree": 0.0, "vm_pu": 0.0, "is_open": false}, "gen4": {"p_mw": 0.0, "q_mvar": 0.0, "va_degree": 0.0, "vm_pu": 0.0, "is_open": false}, "gen5": {"p_mw": 0.0, "q_mvar": 0.0, "va_degree": 0.0, "vm_pu": 0.0, "is_open": false}}, {"gen0": {"p_mw": 18.729121350760508, "q_mvar": 2517.8515622411933, "va_degree": 0.0, "vm_pu": 1.06, "is_open": true}, "gen1": {"p_mw": 40.0, "q_mvar": -4739.506835002469, "va_degree": 0.2739874352756138, "vm_pu": 1.0449999999999997, "is_open": true}, "gen2": {"p_mw": 0.0, "q_mvar": 0.0, "va_degree": 0.0, "vm_pu": 0.0, "is_open": false}, "gen3": {"p_mw": 0.0, "q_mvar": 0.0, "va_degree": 0.0, "vm_pu": 0.0, "is_open": false}, "gen4": {"p_mw": 0.0, "q_mvar": 0.0, "va_degree": 0.0, "vm_pu": 0.0, "is_open": false}, "gen5": {"p_mw": 0.0, "q_mvar": 0.0, "va_degree": 0.0, "vm_pu": 0.0, "is_open": false}}, {"gen0": {"p_mw": 78.26607101562459, "q_mvar": 2497.6675487238613, "va_degree": 0.0, "vm_pu": 1.06, "is_open": true}, "gen1": {"p_mw": 40.0, "q_mvar": -1512.7276823823781, "va_degree": 0.25136102784607783, "vm_pu": 1.045, "is_open": true}, "gen2": {"p_mw": 0.0, "q_mvar": -3062.4688532028226, "va_degree": 0.6463104627173586, "vm_pu": 1.0099999999999998, "is_open": false}, "gen3": {"p_mw": 0.0, "q_mvar": 0.0, "va_degree": 0.0, "vm_pu": 0.0, "is_open": false}, "gen4": {"p_mw": 0.0, "q_mvar": 0.0, "va_degree": 0.0, "vm_pu": 0.0, "is_open": false}, "gen5": {"p_mw": 0.0, "q_mvar": 0.0, "va_degree": 0.0, "vm_pu": 0.0, "is_open": false}}, {"gen0": {"p_mw": 119.63998474456235, "q_mvar": 3761.9385871860427, "va_degree": 0.0, "vm_pu": 1.06, "is_open": true}, "gen1": {"p_mw": 40.0, "q_mvar": 117.97685555843472, "va_degree": 0.23523550201706306, "vm_pu": 1.0449999999999997, "is_open": true}, "gen2": {"p_mw": 0.0, "q_mvar": -3062.468853202817, "va_degree": 0.6301849368883383, "vm_pu": 1.01, "is_open": false}, "gen3": {"p_mw": 0.0, "q_mvar": -3962.7530772882487, "va_degree": 0.7676593099748521, "vm_pu": 1.0099999999999998, "is_open": false}, "gen4": {"p_mw": 0.0, "q_mvar": 0.0, "va_degree": 0.0, "vm_pu": 0.0, "is_open": false}, "gen5": {"p_mw": 0.0, "q_mvar": 0.0, "va_degree": 0.0, "vm_pu": 0.0, "is_open": false}}, {"gen0": {"p_mw": 125.20836491630712, "q_mvar": 3758.449950025649, "va_degree": 0.0, "vm_pu": 1.06, "is_open": true}, "gen1": {"p_mw": 40.0, "q_mvar": 113.97221910429519, "va_degree": 0.23427282011298325, "vm_pu": 1.0449999999999997, "is_open": true}, "gen2": {"p_mw": 0.0, "q_mvar": -3062.4688532028167, "va_degree": 0.629222254984263, "vm_pu": 1.01, "is_open": false}, "gen3": {"p_mw": 0.0, "q_mvar": -3970.7566864123746, "va_degree": 0.7635953365139221, "vm_pu": 1.01, "is_open": false}, "gen4": {"p_mw": 0.0, "q_mvar": 0.0, "va_degree": 0.0, "vm_pu": 0.0, "is_open": false}, "gen5": {"p_mw": 0.0, "q_mvar": 27.32630934752453, "va_degree": -0.7497599848068671, "vm_pu": 1.071, "is_open": false}}, {"gen0": {"p_mw": 128.29548422300607, "q_mvar": 3757.7131950250896, "va_degree": 0.0, "vm_pu": 1.06, "is_open": true}, "gen1": {"p_mw": 40.0, "q_mvar": 114.51111769612885, "va_degree": 0.2337321354290538, "vm_pu": 1.0449999999999997, "is_open": true}, "gen2": {"p_mw": 0.0, "q_mvar": -3062.468853202833, "va_degree": 0.6286815703003266, "vm_pu": 1.0099999999999998, "is_open": false}, "gen3": {"p_mw": 0.0, "q_mvar": -3969.6567129589002, "va_degree": 0.7613891668135682, "vm_pu": 1.01, "is_open": false}, "gen4": {"p_mw": 0.0, "q_mvar": 0.0, "va_degree": 0.0, "vm_pu": 0.0, "is_open": false}, "gen5": {"p_mw": 0.0, "q_mvar": 29.008745615460192, "va_degree": -1.425142226746209, "vm_pu": 1.071, "is_open": false}}, {"gen0": {"p_mw": 132.39159718668554, "q_mvar": 3756.75174520017, "va_degree": 0.0, "vm_pu": 1.06, "is_open": true}, "gen1": {"p_mw": 40.0, "q_mvar": 115.2631564599613, "va_degree": 0.23301464106876804, "vm_pu": 1.0449999999999993, "is_open": true}, "gen2": {"p_mw": 0.0, "q_mvar": -3062.4688532028067, "va_degree": 0.6279640759400418, "vm_pu": 1.0099999999999998, "is_open": false}, "gen3": {"p_mw": 0.0, "q_mvar": -3968.123296438719, "va_degree": 0.7584625638247325, "vm_pu": 1.0099999999999998, "is_open": false}, "gen4": {"p_mw": 0.0, "q_mvar": 0.0, "va_degree": 0.0, "vm_pu": 0.0, "is_open": false}, "gen5": {"p_mw": 0.0, "q_mvar": 31.742504992974588, "va_degree": -2.322209897844642, "vm_pu": 1.071, "is_open": false}}, {"gen0": {"p_mw": 134.13389330890936, "q_mvar": 3756.351987108366, "va_degree": 0.0, "vm_pu": 1.06, "is_open": true}, "gen1": {"p_mw": 40.0, "q_mvar": 115.60419745624338, "va_degree": 0.23270939917834182, "vm_pu": 1.0449999999999997, "is_open": true}, "gen2": {"p_mw": 0.0, "q_mvar": -3062.468853202832, "va_degree": 0.6276588340496184, "vm_pu": 1.01, "is_open": false}, "gen3": {"p_mw": 0.0, "q_mvar": -3967.4287044526377, "va_degree": 0.7572180817092106, "vm_pu": 1.0099999999999998, "is_open": false}, "gen4": {"p_mw": 0.0, "q_mvar": 0.0, "va_degree": 0.0, "vm_pu": 0.0, "is_open": false}, "gen5": {"p_mw": 0.0, "q_mvar": 33.62257541445665, "va_degree": -2.7043847838650237, "vm_pu": 1.071, "is_open": false}}, {"gen0": {"p_mw": 138.62274391522178, "q_mvar": 3755.34259376633, "va_degree": 0.0, "vm_pu": 1.06, "is_open": true}, "gen1": {"p_mw": 40.0, "q_mvar": 116.53009300500128, "va_degree": 0.23192285564352277, "vm_pu": 1.0449999999999997, "is_open": true}, "gen2": {"p_mw": 0.0, "q_mvar": -3062.468853202844, "va_degree": 0.6268722905148028, "vm_pu": 1.0099999999999998, "is_open": false}, "gen3": {"p_mw": 0.0, "q_mvar": -3965.5446730653534, "va_degree": 0.7540125969240492, "vm_pu": 1.0099999999999998, "is_open": false}, "gen4": {"p_mw": 0.0, "q_mvar": 0.0, "va_degree": 0.0, "vm_pu": 0.0, "is_open": false}, "gen5": {"p_mw": 0.0, "q_mvar": 39.716083100520656, "va_degree": -3.69100801507093, "vm_pu": 1.0710000000000002, "is_open": false}}, {"gen0": {"p_mw": 140.22740860153954, "q_mvar": 3754.978995690631, "va_degree": 0.0, "vm_pu": 1.06, "is_open": true}, "gen1": {"p_mw": 40.0, "q_mvar": 116.85467876557209, "va_degree": 0.2316417003084934, "vm_pu": 1.0449999999999997, "is_open": true}, "gen2": {"p_mw": 0.0, "q_mvar": -3062.468853202814, "va_degree": 0.6265911351797677, "vm_pu": 1.01, "is_open": false}, "gen3": {"p_mw": 0.0, "q_mvar": -3964.8841357794154, "va_degree": 0.7528665987953651, "vm_pu": 1.0099999999999998, "is_open": false}, "gen4": {"p_mw": 0.0, "q_mvar": 0.0, "va_degree": 0.0, "vm_pu": 0.0, "is_open": false}, "gen5": {"p_mw": 0.0, "q_mvar": 40.83670886102547, "va_degree": -4.0437752983848885, "vm_pu": 1.0710000000000002, "is_open": false}}, {"gen0": {"p_mw": 145.02056370590705, "q_mvar": 3753.912234335148, "va_degree": 0.0, "vm_pu": 1.06, "is_open": true}, "gen1": {"p_mw": 40.0, "q_mvar": 117.86860974994826, "va_degree": 0.23080177420125012, "vm_pu": 1.0449999999999997, "is_open": true}, "gen2": {"p_mw": 0.0, "q_mvar": -3062.4688532028226, "va_degree": 0.6257512090725302, "vm_pu": 1.01, "is_open": false}, "gen3": {"p_mw": 0.0, "q_mvar": -3962.8223635517775, "va_degree": 0.7494442339828216, "vm_pu": 1.0099999999999996, "is_open": false}, "gen4": {"p_mw": 0.0, "q_mvar": 0.0, "va_degree": 0.0, "vm_pu": 0.0, "is_open": false}, "gen5": {"p_mw": 0.0, "q_mvar": 45.05959131571336, "va_degree": -5.099613943339023, "vm_pu": 1.071, "is_open": false}}, {"gen0": {"p_mw": 146.1368130127423, "q_mvar": 3753.6664180146613, "va_degree": 0.0, "vm_pu": 1.06, "is_open": true}, "gen1": {"p_mw": 40.0, "q_mvar": 118.11074097434027, "va_degree": 0.23060615383924243, "vm_pu": 1.0449999999999997, "is_open": true}, "gen2": {"p_mw": 0.0, "q_mvar": -3062.4688532028076, "va_degree": 0.6255555887105206, "vm_pu": 1.0099999999999998, "is_open": false}, "gen3": {"p_mw": 0.0, "q_mvar": -3962.330237429548, "va_degree": 0.7486473204337003, "vm_pu": 1.01, "is_open": false}, "gen4": {"p_mw": 0.0, "q_mvar": 0.0, "va_degree": 0.0, "vm_pu": 0.0, "is_open": false}, "gen5": {"p_mw": 0.0, "q_mvar": 45.9991801986807, "va_degree": -5.3458696403389725, "vm_pu": 1.0710000000000002, "is_open": false}}, {"gen0": {"p_mw": 147.75888909669249, "q_mvar": 3753.3149099870966, "va_degree": 0.0, "vm_pu": 1.06, "is_open": true}, "gen1": {"p_mw": 40.0, "q_mvar": 118.47571191769367, "va_degree": 0.23032185529721513, "vm_pu": 1.045, "is_open": true}, "gen2": {"p_mw": 0.0, "q_mvar": -3062.4688532028545, "va_degree": 0.6252712901684975, "vm_pu": 1.0099999999999998, "is_open": false}, "gen3": {"p_mw": 0.0, "q_mvar": -3961.588825658529, "va_degree": 0.7474895068373406, "vm_pu": 1.0099999999999996, "is_open": false}, "gen4": {"p_mw": 0.0, "q_mvar": 0.0, "va_degree": 0.0, "vm_pu": 0.0, "is_open": false}, "gen5": {"p_mw": 0.0, "q_mvar": 47.92339106356722, "va_degree": -5.704383502338381, "vm_pu": 1.0710000000000002, "is_open": false}}, {"gen0": {"p_mw": 152.21371795444938, "q_mvar": 3752.377856736921, "va_degree": 0.0, "vm_pu": 1.06, "is_open": true}, "gen1": {"p_mw": 40.0, "q_mvar": 119.54322180048842, "va_degree": 0.2295409006162427, "vm_pu": 1.045, "is_open": true}, "gen2": {"p_mw": 0.0, "q_mvar": -3062.4688532027985, "va_degree": 0.6244903354875161, "vm_pu": 1.0100000000000002, "is_open": false}, "gen3": {"p_mw": 0.0, "q_mvar": -3959.4221476501243, "va_degree": 0.7443108067888295, "vm_pu": 1.0099999999999993, "is_open": false}, "gen4": {"p_mw": 0.0, "q_mvar": 0.0, "va_degree": 0.0, "vm_pu": 0.0, "is_open": false}, "gen5": {"p_mw": 0.0, "q_mvar": 55.63834929868586, "va_degree": -6.693015089294308, "vm_pu": 1.071, "is_open": false}}, {"gen0": {"p_mw": 154.0242249637568, "q_mvar": 3752.000095664982, "va_degree": 0.0, "vm_pu": 1.06, "is_open": true}, "gen1": {"p_mw": 40.0, "q_mvar": 119.98410903804876, "va_degree": 0.22922349179648704, "vm_pu": 1.0450000000000002, "is_open": true}, "gen2": {"p_mw": 0.0, "q_mvar": -3062.468853202855, "va_degree": 0.6241729266677687, "vm_pu": 1.0099999999999998, "is_open": false}, "gen3": {"p_mw": 0.0, "q_mvar": -3958.5275857708325, "va_degree": 0.7430190523038992, "vm_pu": 1.01, "is_open": false}, "gen4": {"p_mw": 0.0, "q_mvar": 0.0, "va_degree": 0.0, "vm_pu": 0.0, "is_open": false}, "gen5": {"p_mw": 0.0, "q_mvar": 58.47260363822096, "va_degree": -7.095628043263723, "vm_pu": 1.071, "is_open": false}}, {"gen0": {"p_mw": 155.26645909499575, "q_mvar": 3751.738408986877, "va_degree": 0.0, "vm_pu": 1.06, "is_open": true}, "gen1": {"p_mw": 40.0, "q_mvar": 120.28084854265586, "va_degree": 0.2290057243880308, "vm_pu": 1.045, "is_open": true}, "gen2": {"p_mw": 0.0, "q_mvar": -3062.468853202823, "va_degree": 0.6239551592593082, "vm_pu": 1.01, "is_open": false}, "gen3": {"p_mw": 0.0, "q_mvar": -3957.9254179335785, "va_degree": 0.7421326495565042, "vm_pu": 1.01, "is_open": false}, "gen4": {"p_mw": 0.0, "q_mvar": 0.0, "va_degree": 0.0, "vm_pu": 0.0, "is_open": false}, "gen5": {"p_mw": 0.0, "q_mvar": 59.79055143515359, "va_degree": -7.371678084056488, "vm_pu": 1.0710000000000002, "is_open": false}}, {"gen0": {"p_mw": 160.8237930545514, "q_mvar": 3750.5736749104176, "va_degree": 0.0, "vm_pu": 1.06, "is_open": true}, "gen1": {"p_mw": 40.0, "q_mvar": 121.62196561204675, "va_degree": 0.22803147345349448, "vm_pu": 1.045, "is_open": true}, "gen2": {"p_mw": 0.0, "q_mvar": -3062.4688532028595, "va_degree": 0.6229809083247754, "vm_pu": 1.0099999999999996, "is_open": false}, "gen3": {"p_mw": 0.0, "q_mvar": -3955.2046465717567, "va_degree": 0.738167403116368, "vm_pu": 1.0099999999999998, "is_open": false}, "gen4": {"p_mw": 0.0, "q_mvar": 0.0, "va_degree": 0.0, "vm_pu": 0.0, "is_open": false}, "gen5": {"p_mw": 0.0, "q_mvar": 64.03906816288043, "va_degree": -8.608243987449642, "vm_pu": 1.0710000000000004, "is_open": false}}, {"gen0": {"p_mw": 163.5337656381678, "q_mvar": 3748.3895053104943, "va_degree": 0.0, "vm_pu": 1.06, "is_open": true}, "gen1": {"p_mw": 40.0, "q_mvar": 118.55133958914888, "va_degree": 0.22756584296363935, "vm_pu": 1.0449999999999995, "is_open": true}, "gen2": {"p_mw": 0.0, "q_mvar": -3062.4688532028476, "va_degree": 0.6225152778349203, "vm_pu": 1.0099999999999993, "is_open": false}, "gen3": {"p_mw": 0.0, "q_mvar": -3959.8548273759234, "va_degree": 0.7306889151169784, "vm_pu": 1.0099999999999998, "is_open": false}, "gen4": {"p_mw": 0.0, "q_mvar": 0.0, "va_degree": 0.0, "vm_pu": 0.0, "is_open": false}, "gen5": {"p_mw": 0.0, "q_mvar": 72.39073964876222, "va_degree": -4.930477850576283, "vm_pu": 1.0710000000000002, "is_open": false}}, {"gen0": {"p_mw": 172.36971112401207, "q_mvar": 3746.5581615900464, "va_degree": 0.0, "vm_pu": 1.06, "is_open": true}, "gen1": {"p_mw": 40.0, "q_mvar": 120.73032758831994, "va_degree": 0.22601671576246612, "vm_pu": 1.0450000000000004, "is_open": true}, "gen2": {"p_mw": 0.0, "q_mvar": -3062.4688532028586, "va_degree": 0.620966150633745, "vm_pu": 1.0099999999999998, "is_open": false}, "gen3": {"p_mw": 0.0, "q_mvar": -3950.92443446792, "va_degree": 0.7230647178238843, "vm_pu": 1.01, "is_open": false}, "gen4": {"p_mw": 0.0, "q_mvar": 0.0, "va_degree": 0.0, "vm_pu": 0.0, "is_open": false}, "gen5": {"p_mw": 0.0, "q_mvar": 79.50873143768288, "va_degree": -5.853475402477834, "vm_pu": 1.071, "is_open": false}}, {"gen0": {"p_mw": 172.36971112401207, "q_mvar": 3746.5581615900464, "va_degree": 0.0, "vm_pu": 1.06, "is_open": true}, "gen1": {"p_mw": 40.0, "q_mvar": 120.73032758831994, "va_degree": 0.22601671576246612, "vm_pu": 1.0450000000000004, "is_open": true}, "gen2": {"p_mw": 0.0, "q_mvar": -3062.4688532028586, "va_degree": 0.620966150633745, "vm_pu": 1.0099999999999998, "is_open": false}, "gen3": {"p_mw": 0.0, "q_mvar": -3950.92443446792, "va_degree": 0.7230647178238843, "vm_pu": 1.01, "is_open": false}, "gen4": {"p_mw": 0.0, "q_mvar": 0.0, "va_degree": 0.0, "vm_pu": 0.0, "is_open": false}, "gen5": {"p_mw": 0.0, "q_mvar": 79.50873143768288, "va_degree": -5.853475402477834, "vm_pu": 1.071, "is_open": false}}]}