{"static": {"load0": {"bus": 1, "p_steady_mw": 21.7, "q_steady_mw": 12.7, "priority": 1}, "load1": {"bus": 2, "p_steady_mw": 2.4, "q_steady_mw": 1.2, "priority": 2}, "load2": {"bus": 3, "p_steady_mw": 7.6, "q_steady_mw": 1.6, "priority": 3}, "load3": {"bus": 4, "p_steady_mw": 94.2, "q_steady_mw": 19.0, "priority": 4}, "load4": {"bus": 6, "p_steady_mw": 22.8, "q_steady_mw": 10.9, "priority": 5}, "load5": {"bus": 7, "p_steady_mw": 30.0, "q_steady_mw": 30.0, "priority": 6}, "load6": {"bus": 9, "p_steady_mw": 5.8, "q_steady_mw": 2.0, "priority": 7}, "load7": {"bus": 11, "p_steady_mw": 11.2, "q_steady_mw": 7.5, "priority": 8}, "load8": {"bus": 13, "p_steady_mw": 6.2, "q_steady_mw": 1.6, "priority": 9}, "load9": {"bus": 14, "p_steady_mw": 8.2, "q_steady_mw": 2.5, "priority": 10}, "load10": {"bus": 15, "p_steady_mw": 3.5, "q_steady_mw": 1.8, "priority": 11}, "load11": {"bus": 16, "p_steady_mw": 9.0, "q_steady_mw": 5.8, "priority": 12}, "load12": {"bus": 17, "p_steady_mw": 3.2, "q_steady_mw": 0.9, "priority": 13}, "load13": {"bus": 18, "p_steady_mw": 9.5, "q_steady_mw": 3.4, "priority": 14}, "load14": {"bus": 19, "p_steady_mw": 2.2, "q_steady_mw": 0.7, "priority": 15}, "load15": {"bus": 20, "p_steady_mw": 17.5, "q_steady_mw": 11.2, "priority": 16}, "load16": {"bus": 22, "p_steady_mw": 3.2, "q_steady_mw": 1.6, "priority": 17}, "load17": {"bus": 23, "p_steady_mw": 8.7, "q_steady_mw": 6.7, "priority": 18}, "load18": {"bus": 25, "p_steady_mw": 3.5, "q_steady_mw": 2.3, "priority": 19}, "load19": {"bus": 28, "p_steady_mw": 2.4, "q_steady_mw": 0.9, "priority": 20}, "load20": {"bus": 29, "p_steady_mw": 10.6, "q_steady_mw": 1.9, "priority": 21}}, "dynamic": [{"load0": {"p_mw": 0.0, "q_mvar": 0.0, "is_open": false}, "load1": {"p_mw": 2.4, "q_mvar": 1.2, "is_open": true}, "load2": {"p_mw": 0.0, "q_mvar": 0.0, "is_open": false}, "load3": {"p_mw": 0.0, "q_mvar": 0.0, "is_open": false}, "load4": {"p_mw": 0.0, "q_mvar": 0.0, "is_open": false}, "load5": {"p_mw": 0.0, "q_mvar": 0.0, "is_open": false}, "load6": {"p_mw": 0.0, "q_mvar": 0.0, "is_open": false}, "load7": {"p_mw": 0.0, "q_mvar": 0.0, "is_open": false}, "load8": {"p_mw": 0.0, "q_mvar": 0.0, "is_open": false}, "load9": {"p_mw": 0.0, "q_mvar": 0.0, "is_open": false}, "load10": {"p_mw": 0.0, "q_mvar": 0.0, "is_open": false}, "load11": {"p_mw": 0.0, "q_mvar": 0.0, "is_open": false}, "load12": {"p_mw": 0.0, "q_mvar": 0.0, "is_open": false}, "load13": {"p_mw": 0.0, "q_mvar": 0.0, "is_open": false}, "load14": {"p_mw": 0.0, "q_mvar": 0.0, "is_open": false}, "load15": {"p_mw": 0.0, "q_mvar": 0.0, "is_open": false}, "load16": {"p_mw": 0.0, "q_mvar": 0.0, "is_open": false}, "load17": {"p_mw": 0.0, "q_mvar": 0.0, "is_open": false}, "load18": {"p_mw": 0.0, "q_mvar": 0.0, "is_open": false}, "load19": {"p_mw": 0.0, "q_mvar": 0.0, "is_open": false}, "load20": {"p_mw": 0.0, "q_mvar": 0.0, "is_open": false}}, {"load0": {"p_mw": 0.0, "q_mvar": 0.0, "is_open": false}, "load1": {"p_mw": 2.4, "q_mvar": 1.2, "is_open": true}, "load2": {"p_mw": 7.6, "q_mvar": 1.6, "is_open": true}, "load3": {"p_mw": 0.0, "q_mvar": 0.0, "is_open": false}, "load4": {"p_mw": 0.0, "q_mvar": 0.0, "is_open": false}, "load5": {"p_mw": 0.0, "q_mvar": 0.0, "is_open": false}, "load6": {"p_mw": 0.0, "q_mvar": 0.0, "is_open": false}, "load7": {"p_mw": 0.0, "q_mvar": 0.0, "is_open": false}, "load8": {"p_mw": 0.0, "q_mvar": 0.0, "is_open": false}, "load9": {"p_mw": 0.0, "q_mvar": 0.0, "is_open": false}, "load10": {"p_mw": 0.0, "q_mvar": 0.0, "is_open": false}, "load11": {"p_mw": 0.0, "q_mvar": 0.0, "is_open": false}, "load12": {"p_mw": 0.0, "q_mvar": 0.0, "is_open": false}, "load13": {"p_mw": 0.0, "q_mvar": 0.0, "is_open": false}, "load14": {"p_mw": 0.0, "q_mvar": 0.0, "is_open": false}, "load15": {"p_mw": 0.0, "q_mvar": 0.0, "is_open": false}, "load16": {"p_mw": 0.0, "q_mvar": 0.0, "is_open": false}, "load17": {"p_mw": 0.0, "q_mvar": 0.0, "is_open": false}, "load18": {"p_mw": 0.0, "q_mvar": 0.0, "is_open": false}, "load19": {"p_mw": 0.0, "q_mvar": 0.0, "is_open": false}, "load20": {"p_mw": 0.0, "q_mvar": 0.0, "is_open": false}}, {"load0": {"p_mw": 0.0, "q_mvar": 0.0, "is_open": false}, "load1": {"p_mw": 2.4, "q_mvar": 1.2, "is_open": true}, "load2": {"p_mw": 7.6, "q_mvar": 1.6, "is_open": true}, "load3": {"p_mw": 0.0, "q_mvar": 0.0, "is_open": false}, "load4": {"p_mw": 22.8, "q_mvar": 10.9, "is_open": true}, "load5": {"p_mw": 0.0, "q_mvar": 0.0, "is_open": false}, "load6": {"p_mw": 0.0, "q_mvar": 0.0, "is_open": false}, "load7": {"p_mw": 0.0, "q_mvar": 0.0, "is_open": false}, "load8": {"p_mw": 0.0, "q_mvar": 0.0, "is_open": false}, "load9": {"p_mw": 0.0, "q_mvar": 0.0, "is_open": false}, "load10": {"p_mw": 0.0, "q_mvar": 0.0, "is_open": false}, "load11": {"p_mw": 0.0, "q_mvar": 0.0, "is_open": false}, "load12": {"p_mw": 0.0, "q_mvar": 0.0, "is_open": false}, "load13": {"p_mw": 0.0, "q_mvar": 0.0, "is_open": false}, "load14": {"p_mw": 0.0, "q_mvar": 0.0, "is_open": false}, "load15": {"p_mw": 0.0, "q_mvar": 0.0, "is_open": false}, "load16": {"p_mw": 0.0, "q_mvar": 0.0, "is_open": false}, "load17": {"p_mw": 0.0, "q_mvar": 0.0, "is_open": false}, "load18": {"p_mw": 0.0, "q_mvar": 0.0, "is_open": false}, "load19": {"p_mw": 0.0, "q_mvar": 0.0, "is_open": false}, "load20": {"p_mw": 0.0, "q_mvar": 0.0, "is_open": false}}, {"load0": {"p_mw": 21.7, "q_mvar": 12.7, "is_open": true}, "load1": {"p_mw": 2.4, "q_mvar": 1.2, "is_open": true}, "load2": {"p_mw": 7.6, "q_mvar": 1.6, "is_open": true}, "load3": {"p_mw": 0.0, "q_mvar": 0.0, "is_open": false}, "load4": {"p_mw": 22.8, "q_mvar": 10.9, "is_open": true}, "load5": {"p_mw": 0.0, "q_mvar": 0.0, "is_open": false}, "load6": {"p_mw": 0.0, "q_mvar": 0.0, "is_open": false}, "load7": {"p_mw": 0.0, "q_mvar": 0.0, "is_open": false}, "load8": {"p_mw": 0.0, "q_mvar": 0.0, "is_open": false}, "load9": {"p_mw": 0.0, "q_mvar": 0.0, "is_open": false}, "load10": {"p_mw": 0.0, "q_mvar": 0.0, "is_open": false}, "load11": {"p_mw": 0.0, "q_mvar": 0.0, "is_open": false}, "load12": {"p_mw": 0.0, "q_mvar": 0.0, "is_open": false}, "load13": {"p_mw": 0.0, "q_mvar": 0.0, "is_open": false}, "load14": {"p_mw": 0.0, "q_mvar": 0.0, "is_open": false}, "load15": {"p_mw": 0.0, "q_mvar": 0.0, "is_open": false}, "load16": {"p_mw": 0.0, "q_mvar": 0.0, "is_open": false}, "load17": {"p_mw": 0.0, "q_mvar": 0.0, "is_open": false}, "load18": {"p_mw": 0.0, "q_mvar": 0.0, "is_open": false}, "load19": {"p_mw": 0.0, "q_mvar": 0.0, "is_open": false}, "load20": {"p_mw": 0.0, "q_mvar": 0.0, "is_open": false}}, {"load0": {"p_mw": 21.7, "q_mvar": 12.7, "is_open": true}, "load1": {"p_mw": 2.4, "q_mvar": 1.2, "is_open": true}, "load2": {"p_mw": 7.6, "q_mvar": 1.6, "is_open": true}, "load3": {"p_mw": 94.2, "q_mvar": 19.0, "is_open": true}, "load4": {"p_mw": 22.8, "q_mvar": 10.9, "is_open": true}, "load5": {"p_mw": 0.0, "q_mvar": 0.0, "is_open": false}, "load6": {"p_mw": 0.0, "q_mvar": 0.0, "is_open": false}, "load7": {"p_mw": 0.0, "q_mvar": 0.0, "is_open": false}, "load8": {"p_mw": 0.0, "q_mvar": 0.0, "is_open": false}, "load9": {"p_mw": 0.0, "q_mvar": 0.0, "is_open": false}, "load10": {"p_mw": 0.0, "q_mvar": 0.0, "is_open": false}, "load11": {"p_mw": 0.0, "q_mvar": 0.0, "is_open": false}, "load12": {"p_mw": 0.0, "q_mvar": 0.0, "is_open": false}, "load13": {"p_mw": 0.0, "q_mvar": 0.0, "is_open": false}, "load14": {"p_mw": 0.0, "q_mvar": 0.0, "is_open": false}, "load15": {"p_mw": 0.0, "q_mvar": 0.0, "is_open": false}, "load16": {"p_mw": 0.0, "q_mvar": 0.0, "is_open": false}, "load17": {"p_mw": 0.0, "q_mvar": 0.0, "is_open": false}, "load18": {"p_mw": 0.0, "q_mvar": 0.0, "is_open": false}, "load19": {"p_mw": 0.0, "q_mvar": 0.0, "is_open": false}, "load20": {"p_mw": 0.0, "q_mvar": 0.0, "is_open": false}}, {"load0": {"p_mw": 21.7, "q_mvar": 12.7, "is_open": true}, "load1": {"p_mw": 2.4, "q_mvar": 1.2, "is_open": true}, "load2": {"p_mw": 7.6, "q_mvar": 1.6, "is_open": true}, "load3": {"p_mw": 94.2, "q_mvar": 19.0, "is_open": true}, "load4": {"p_mw": 22.8, "q_mvar": 10.9, "is_open": true}, "load5": {"p_mw": 30.0, "q_mvar": 30.0, "is_open": true}, "load6": {"p_mw": 0.0, "q_mvar": 0.0, "is_open": false}, "load7": {"p_mw": 0.0, "q_mvar": 0.0, "is_open": false}, "load8": {"p_mw": 0.0, "q_mvar": 0.0, "is_open": false}, "load9": {"p_mw": 0.0, "q_mvar": 0.0, "is_open": false}, "load10": {"p_mw": 0.0, "q_mvar": 0.0, "is_open": false}, "load11": {"p_mw": 0.0, "q_mvar": 0.0, "is_open": false}, "load12": {"p_mw": 0.0, "q_mvar": 0.0, "is_open": false}, "load13": {"p_mw": 0.0, "q_mvar": 0.0, "is_open": false}, "load14": {"p_mw": 0.0, "q_mvar": 0.0, "is_open": false}, "load15": {"p_mw": 0.0, "q_mvar": 0.0, "is_open": false}, "load16": {"p_mw": 0.0, "q_mvar": 0.0, "is_open": false}, "load17": {"p_mw": 0.0, "q_mvar": 0.0, "is_open": false}, "load18": {"p_mw": 0.0, "q_mvar": 0.0, "is_open": false}, "load19": {"p_mw": 0.0, "q_mvar": 0.0, "is_open": false}, "load20": {"p_mw": 0.0, "q_mvar": 0.0, "is_open": false}}, {"load0": {"p_mw": 21.7, "q_mvar": 12.7, "is_open": true}, "load1": {"p_mw": 2.4, "q_mvar": 1.2, "is_open": true}, "load2": {"p_mw": 7.6, "q_mvar": 1.6, "is_open": true}, "load3": {"p_mw": 94.2, "q_mvar": 19.0, "is_open": true}, "load4": {"p_mw": 22.8, "q_mvar": 10.9, "is_open": true}, "load5": {"p_mw": 30.0, "q_mvar": 30.0, "is_open": true}, "load6": {"p_mw": 0.0, "q_mvar": 0.0, "is_open": false}, "load7": {"p_mw": 11.2, "q_mvar": 7.5, "is_open": true}, "load8": {"p_mw": 0.0, "q_mvar": 0.0, "is_open": false}, "load9": {"p_mw": 0.0, "q_mvar": 0.0, "is_open": false}, "load10": {"p_mw": 0.0, "q_mvar": 0.0, "is_open": false}, "load11": {"p_mw": 0.0, "q_mvar": 0.0, "is_open": false}, "load12": {"p_mw": 0.0, "q_mvar": 0.0, "is_open": false}, "load13": {"p_mw": 0.0, "q_mvar": 0.0, "is_open": false}, "load14": {"p_mw": 0.0, "q_mvar": 0.0, "is_open": false}, "load15": {"p_mw": 0.0, "q_mvar": 0.0, "is_open": false}, "load16": {"p_mw": 0.0, "q_mvar": 0.0, "is_open": false}, "load17": {"p_mw": 0.0, "q_mvar": 0.0, "is_open": false}, "load18": {"p_mw": 0.0, "q_mvar": 0.0, "is_open": false}, "load19": {"p_mw": 0.0, "q_mvar": 0.0, "is_open": false}, "load20": {"p_mw": 0.0, "q_mvar": 0.0, "is_open": false}}, {"load0": {"p_mw": 21.7, "q_mvar": 12.7, "is_open": true}, "load1": {"p_mw": 2.4, "q_mvar": 1.2, "is_open": true}, "load2": {"p_mw": 7.6, "q_mvar": 1.6, "is_open": true}, "load3": {"p_mw": 94.2, "q_mvar": 19.0, "is_open": true}, "load4": {"p_mw": 22.8, "q_mvar": 10.9, "is_open": true}, "load5": {"p_mw": 30.0, "q_mvar": 30.0, "is_open": true}, "load6": {"p_mw": 0.0, "q_mvar": 0.0, "is_open": false}, "load7": {"p_mw": 11.2, "q_mvar": 7.5, "is_open": true}, "load8": {"p_mw": 6.2, "q_mvar": 1.6, "is_open": true}, "load9": {"p_mw": 0.0, "q_mvar": 0.0, "is_open": false}, "load10": {"p_mw": 0.0, "q_mvar": 0.0, "is_open": false}, "load11": {"p_mw": 0.0, "q_mvar": 0.0, "is_open": false}, "load12": {"p_mw": 0.0, "q_mvar": 0.0, "is_open": false}, "load13": {"p_mw": 0.0, "q_mvar": 0.0, "is_open": false}, "load14": {"p_mw": 0.0, "q_mvar": 0.0, "is_open": false}, "load15": {"p_mw": 0.0, "q_mvar": 0.0, "is_open": false}, "load16": {"p_mw": 0.0, "q_mvar": 0.0, "is_open": false}, "load17": {"p_mw": 0.0, "q_mvar": 0.0, "is_open": false}, "load18": {"p_mw": 0.0, "q_mvar": 0.0, "is_open": false}, "load19": {"p_mw": 0.0, "q_mvar": 0.0, "is_open": false}, "load20": {"p_mw": 0.0, "q_mvar": 0.0, "is_open": false}}, {"load0": {"p_mw": 21.7, "q_mvar": 12.7, "is_open": true}, "load1": {"p_mw": 2.4, "q_mvar": 1.2, "is_open": true}, "load2": {"p_mw": 7.6, "q_mvar": 1.6, "is_open": true}, "load3": {"p_mw": 94.2, "q_mvar": 19.0, "is_open": true}, "load4": {"p_mw": 22.8, "q_mvar": 10.9, "is_open": true}, "load5": {"p_mw": 30.0, "q_mvar": 30.0, "is_open": true}, "load6": {"p_mw": 0.0, "q_mvar": 0.0, "is_open": false}, "load7": {"p_mw": 11.2, "q_mvar": 7.5, "is_open": true}, "load8": {"p_mw": 6.2, "q_mvar": 1.6, "is_open": true}, "load9": {"p_mw": 8.2, "q_mvar": 2.5, "is_open": true}, "load10": {"p_mw": 0.0, "q_mvar": 0.0, "is_open": false}, "load11": {"p_mw": 0.0, "q_mvar": 0.0, "is_open": false}, "load12": {"p_mw": 0.0, "q_mvar": 0.0, "is_open": false}, "load13": {"p_mw": 0.0, "q_mvar": 0.0, "is_open": false}, "load14": {"p_mw": 0.0, "q_mvar": 0.0, "is_open": false}, "load15": {"p_mw": 0.0, "q_mvar": 0.0, "is_open": false}, "load16": {"p_mw": 0.0, "q_mvar": 0.0, "is_open": false}, "load17": {"p_mw": 0.0, "q_mvar": 0.0, "is_open": false}, "load18": {"p_mw": 0.0, "q_mvar": 0.0, "is_open": false}, "load19": {"p_mw": 0.0, "q_mvar": 0.0, "is_open": false}, "load20": {"p_mw": 0.0, "q_mvar": 0.0, "is_open": false}}, {"load0": {"p_mw": 21.7, "q_mvar": 12.7, "is_open": true}, "load1": {"p_mw": 2.4, "q_mvar": 1.2, "is_open": true}, "load2": {"p_mw": 7.6, "q_mvar": 1.6, "is_open": true}, "load3": {"p_mw": 94.2, "q_mvar": 19.0, "is_open": true}, "load4": {"p_mw": 22.8, "q_mvar": 10.9, "is_open": true}, "load5": {"p_mw": 30.0, "q_mvar": 30.0, "is_open": true}, "load6": {"p_mw": 0.0, "q_mvar": 0.0, "is_open": false}, "load7": {"p_mw": 11.2, "q_mvar": 7.5, "is_open": true}, "load8": {"p_mw": 6.2, "q_mvar": 1.6, "is_open": true}, "load9": {"p_mw": 8.2, "q_mvar": 2.5, "is_open": true}, "load10": {"p_mw": 3.5, "q_mvar": 1.8, "is_open": true}, "load11": {"p_mw": 0.0, "q_mvar": 0.0, "is_open": false}, "load12": {"p_mw": 0.0, "q_mvar": 0.0, "is_open": false}, "load13": {"p_mw": 0.0, "q_mvar": 0.0, "is_open": false}, "load14": {"p_mw": 0.0, "q_mvar": 0.0, "is_open": false}, "load15": {"p_mw": 0.0, "q_mvar": 0.0, "is_open": false}, "load16": {"p_mw": 0.0, "q_mvar": 0.0, "is_open": false}, "load17": {"p_mw": 0.0, "q_mvar": 0.0, "is_open": false}, "load18": {"p_mw": 0.0, "q_mvar": 0.0, "is_open": false}, "load19": {"p_mw": 0.0, "q_mvar": 0.0, "is_open": false}, "load20": {"p_mw": 0.0, "q_mvar": 0.0, "is_open": false}}, {"load0": {"p_mw": 21.7, "q_mvar": 12.7, "is_open": true}, "load1": {"p_mw": 2.4, "q_mvar": 1.2, "is_open": true}, "load2": {"p_mw": 7.6, "q_mvar": 1.6, "is_open": true}, "load3": {"p_mw": 94.2, "q_mvar": 19.0, "is_open": true}, "load4": {"p_mw": 22.8, "q_mvar": 10.9, "is_open": true}, "load5": {"p_mw": 30.0, "q_mvar": 30.0, "is_open": true}, "load6": {"p_mw": 0.0, "q_mvar": 0.0, "is_open": false}, "load7": {"p_mw": 11.2, "q_mvar": 7.5, "is_open": true}, "load8": {"p_mw": 6.2, "q_mvar": 1.6, "is_open": true}, "load9": {"p_mw": 8.2, "q_mvar": 2.5, "is_open": true}, "load10": {"p_mw": 3.5, "q_mvar": 1.8, "is_open": true}, "load11": {"p_mw": 9.0, "q_mvar": 5.8, "is_open": true}, "load12": {"p_mw": 0.0, "q_mvar": 0.0, "is_open": false}, "load13": {"p_mw": 0.0, "q_mvar": 0.0, "is_open": false}, "load14": {"p_mw": 0.0, "q_mvar": 0.0, "is_open": false}, "load15": {"p_mw": 0.0, "q_mvar": 0.0, "is_open": false}, "load16": {"p_mw": 0.0, "q_mvar": 0.0, "is_open": false}, "load17": {"p_mw": 0.0, "q_mvar": 0.0, "is_open": false}, "load18": {"p_mw": 0.0, "q_mvar": 0.0, "is_open": false}, "load19": {"p_mw": 0.0, "q_mvar": 0.0, "is_open": false}, "load20": {"p_mw": 0.0, "q_mvar": 0.0, "is_open": false}}, {"load0": {"p_mw": 21.7, "q_mvar": 12.7, "is_open": true}, "load1": {"p_mw": 2.4, "q_mvar": 1.2, "is_open": true}, "load2": {"p_mw": 7.6, "q_mvar": 1.6, "is_open": true}, "load3": {"p_mw": 94.2, "q_mvar": 19.0, "is_open": true}, "load4": {"p_mw": 22.8, "q_mvar": 10.9, "is_open": true}, "load5": {"p_mw": 30.0, "q_mvar": 30.0, "is_open": true}, "load6": {"p_mw": 0.0, "q_mvar": 0.0, "is_open": false}, "load7": {"p_mw": 11.2, "q_mvar": 7.5, "is_open": true}, "load8": {"p_mw": 6.2, "q_mvar": 1.6, "is_open": true}, "load9": {"p_mw": 8.2, "q_mvar": 2.5, "is_open": true}, "load10": {"p_mw": 3.5, "q_mvar": 1.8, "is_open": true}, "load11": {"p_mw": 9.0, "q_mvar": 5.8, "is_open": true}, "load12": {"p_mw": 3.2, "q_mvar": 0.9, "is_open": true}, "load13": {"p_mw": 0.0, "q_mvar": 0.0, "is_open": false}, "load14": {"p_mw": 0.0, "q_mvar": 0.0, "is_open": false}, "load15": {"p_mw": 0.0, "q_mvar": 0.0, "is_open": false}, "load16": {"p_mw": 0.0, "q_mvar": 0.0, "is_open": false}, "load17": {"p_mw": 0.0, "q_mvar": 0.0, "is_open": false}, "load18": {"p_mw": 0.0, "q_mvar": 0.0, "is_open": false}, "load19": {"p_mw": 0.0, "q_mvar": 0.0, "is_open": false}, "load20": {"p_mw": 0.0, "q_mvar": 0.0, "is_open": false}}, {"load0": {"p_mw": 21.7, "q_mvar": 12.7, "is_open": true}, "load1": {"p_mw": 2.4, "q_mvar": 1.2, "is_open": true}, "load2": {"p_mw": 7.6, "q_mvar": 1.6, "is_open": true}, "load3": {"p_mw": 94.2, "q_mvar": 19.0, "is_open": true}, "load4": {"p_mw": 22.8, "q_mvar": 10.9, "is_open": true}, "load5": {"p_mw": 30.0, "q_mvar": 30.0, "is_open": true}, "load6": {"p_mw": 0.0, "q_mvar": 0.0, "is_open": false}, "load7": {"p_mw": 11.2, "q_mvar": 7.5, "is_open": true}, "load8": {"p_mw": 6.2, "q_mvar": 1.6, "is_open": true}, "load9": {"p_mw": 8.2, "q_mvar": 2.5, "is_open": true}, "load10": {"p_mw": 3.5, "q_mvar": 1.8, "is_open": true}, "load11": {"p_mw": 9.0, "q_mvar": 5.8, "is_open": true}, "load12": {"p_mw": 3.2, "q_mvar": 0.9, "is_open": true}, "load13": {"p_mw": 9.5, "q_mvar": 3.4, "is_open": true}, "load14": {"p_mw": 0.0, "q_mvar": 0.0, "is_open": false}, "load15": {"p_mw": 0.0, "q_mvar": 0.0, "is_open": false}, "load16": {"p_mw": 0.0, "q_mvar": 0.0, "is_open": false}, "load17": {"p_mw": 0.0, "q_mvar": 0.0, "is_open": false}, "load18": {"p_mw": 0.0, "q_mvar": 0.0, "is_open": false}, "load19": {"p_mw": 0.0, "q_mvar": 0.0, "is_open": false}, "load20": {"p_mw": 0.0, "q_mvar": 0.0, "is_open": false}}, {"load0": {"p_mw": 21.7, "q_mvar": 12.7, "is_open": true}, "load1": {"p_mw": 2.4, "q_mvar": 1.2, "is_open": true}, "load2": {"p_mw": 7.6, "q_mvar": 1.6, "is_open": true}, "load3": {"p_mw": 94.2, "q_mvar": 19.0, "is_open": true}, "load4": {"p_mw": 22.8, "q_mvar": 10.9, "is_open": true}, "load5": {"p_mw": 30.0, "q_mvar": 30.0, "is_open": true}, "load6": {"p_mw": 0.0, "q_mvar": 0.0, "is_open": false}, "load7": {"p_mw": 11.2, "q_mvar": 7.5, "is_open": true}, "load8": {"p_mw": 6.2, "q_mvar": 1.6, "is_open": true}, "load9": {"p_mw": 8.2, "q_mvar": 2.5, "is_open": true}, "load10": {"p_mw": 3.5, "q_mvar": 1.8, "is_open": true}, "load11": {"p_mw": 9.0, "q_mvar": 5.8, "is_open": true}, "load12": {"p_mw": 3.2, "q_mvar": 0.9, "is_open": true}, "load13": {"p_mw": 9.5, "q_mvar": 3.4, "is_open": true}, "load14": {"p_mw": 2.2, "q_mvar": 0.7, "is_open": true}, "load15": {"p_mw": 0.0, "q_mvar": 0.0, "is_open": false}, "load16": {"p_mw": 0.0, "q_mvar": 0.0, "is_open": false}, "load17": {"p_mw": 0.0, "q_mvar": 0.0, "is_open": false}, "load18": {"p_mw": 0.0, "q_mvar": 0.0, "is_open": false}, "load19": {"p_mw": 0.0, "q_mvar": 0.0, "is_open": false}, "load20": {"p_mw": 0.0, "q_mvar": 0.0, "is_open": false}}, {"load0": {"p_mw": 21.7, "q_mvar": 12.7, "is_open": true}, "load1": {"p_mw": 2.4, "q_mvar": 1.2, "is_open": true}, "load2": {"p_mw": 7.6, "q_mvar": 1.6, "is_open": true}, "load3": {"p_mw": 94.2, "q_mvar": 19.0, "is_open": true}, "load4": {"p_mw": 22.8, "q_mvar": 10.9, "is_open": true}, "load5": {"p_mw": 30.0, "q_mvar": 30.0, "is_open": true}, "load6": {"p_mw": 0.0, "q_mvar": 0.0, "is_open": false}, "load7": {"p_mw": 11.2, "q_mvar": 7.5, "is_open": true}, "load8": {"p_mw": 6.2, "q_mvar": 1.6, "is_open": true}, "load9": {"p_mw": 8.2, "q_mvar": 2.5, "is_open": true}, "load10": {"p_mw": 3.5, "q_mvar": 1.8, "is_open": true}, "load11": {"p_mw": 9.0, "q_mvar": 5.8, "is_open": true}, "load12": {"p_mw": 3.2, "q_mvar": 0.9, "is_open": true}, "load13": {"p_mw": 9.5, "q_mvar": 3.4, "is_open": true}, "load14": {"p_mw": 2.2, "q_mvar": 0.7, "is_open": true}, "load15": {"p_mw": 0.0, "q_mvar": 0.0, "is_open": false}, "load16": {"p_mw": 3.2, "q_mvar": 1.6, "is_open": true}, "load17": {"p_mw": 0.0, "q_mvar": 0.0, "is_open": false}, "load18": {"p_mw": 0.0, "q_mvar": 0.0, "is_open": false}, "load19": {"p_mw": 0.0, "q_mvar": 0.0, "is_open": false}, "load20": {"p_mw": 0.0, "q_mvar": 0.0, "is_open": false}}, {"load0": {"p_mw": 21.7, "q_mvar": 12.7, "is_open": true}, "load1": {"p_mw": 2.4, "q_mvar": 1.2, "is_open": true}, "load2": {"p_mw": 7.6, "q_mvar": 1.6, "is_open": true}, "load3": {"p_mw": 94.2, "q_mvar": 19.0, "is_open": true}, "load4": {"p_mw": 22.8, "q_mvar": 10.9, "is_open": true}, "load5": {"p_mw": 30.0, "q_mvar": 30.0, "is_open": true}, "load6": {"p_mw": 0.0, "q_mvar": 0.0, "is_open": false}, "load7": {"p_mw": 11.2, "q_mvar": 7.5, "is_open": true}, "load8": {"p_mw": 6.2, "q_mvar": 1.6, "is_open": true}, "load9": {"p_mw": 8.2, "q_mvar": 2.5, "is_open": true}, "load10": {"p_mw": 3.5, "q_mvar": 1.8, "is_open": true}, "load11": {"p_mw": 9.0, "q_mvar": 5.8, "is_open": true}, "load12": {"p_mw": 3.2, "q_mvar": 0.9, "is_open": true}, "load13": {"p_mw": 9.5, "q_mvar": 3.4, "is_open": true}, "load14": {"p_mw": 2.2, "q_mvar": 0.7, "is_open": true}, "load15": {"p_mw": 0.0, "q_mvar": 0.0, "is_open": false}, "load16": {"p_mw": 3.2, "q_mvar": 1.6, "is_open": true}, "load17": {"p_mw": 8.7, "q_mvar": 6.7, "is_open": true}, "load18": {"p_mw": 0.0, "q_mvar": 0.0, "is_open": false}, "load19": {"p_mw": 0.0, "q_mvar": 0.0, "is_open": false}, "load20": {"p_mw": 0.0, "q_mvar": 0.0, "is_open": false}}, {"load0": {"p_mw": 21.7, "q_mvar": 12.7, "is_open": true}, "load1": {"p_mw": 2.4, "q_mvar": 1.2, "is_open": true}, "load2": {"p_mw": 7.6, "q_mvar": 1.6, "is_open": true}, "load3": {"p_mw": 94.2, "q_mvar": 19.0, "is_open": true}, "load4": {"p_mw": 22.8, "q_mvar": 10.9, "is_open": true}, "load5": {"p_mw": 30.0, "q_mvar": 30.0, "is_open": true}, "load6": {"p_mw": 0.0, "q_mvar": 0.0, "is_open": false}, "load7": {"p_mw": 11.2, "q_mvar": 7.5, "is_open": true}, "load8": {"p_mw": 6.2, "q_mvar": 1.6, "is_open": true}, "load9": {"p_mw": 8.2, "q_mvar": 2.5, "is_open": true}, "load10": {"p_mw": 3.5, "q_mvar": 1.8, "is_open": true}, "load11": {"p_mw": 9.0, "q_mvar": 5.8, "is_open": true}, "load12": {"p_mw": 3.2, "q_mvar": 0.9, "is_open": true}, "load13": {"p_mw": 9.5, "q_mvar": 3.4, "is_open": true}, "load14": {"p_mw": 2.2, "q_mvar": 0.7, "is_open": true}, "load15": {"p_mw": 0.0, "q_mvar": 0.0, "is_open": false}, "load16": {"p_mw": 3.2, "q_mvar": 1.6, "is_open": true}, "load17": {"p_mw": 8.7, "q_mvar": 6.7, "is_open": true}, "load18": {"p_mw": 3.5, "q_mvar": 2.3, "is_open": true}, "load19": {"p_mw": 0.0, "q_mvar": 0.0, "is_open": false}, "load20": {"p_mw": 0.0, "q_mvar": 0.0, "is_open": false}}, {"load0": {"p_mw": 21.7, "q_mvar": 12.7, "is_open": true}, "load1": {"p_mw": 2.4, "q_mvar": 1.2, "is_open": true}, "load2": {"p_mw": 7.6, "q_mvar": 1.6, "is_open": true}, "load3": {"p_mw": 94.2, "q_mvar": 19.0, "is_open": true}, "load4": {"p_mw": 22.8, "q_mvar": 10.9, "is_open": true}, "load5": {"p_mw": 30.0, "q_mvar": 30.0, "is_open": true}, "load6": {"p_mw": 0.0, "q_mvar": 0.0, "is_open": false}, "load7": {"p_mw": 11.2, "q_mvar": 7.5, "is_open": true}, "load8": {"p_mw": 6.2, "q_mvar": 1.6, "is_open": true}, "load9": {"p_mw": 8.2, "q_mvar": 2.5, "is_open": true}, "load10": {"p_mw": 3.5, "q_mvar": 1.8, "is_open": true}, "load11": {"p_mw": 9.0, "q_mvar": 5.8, "is_open": true}, "load12": {"p_mw": 3.2, "q_mvar": 0.9, "is_open": true}, "load13": {"p_mw": 9.5, "q_mvar": 3.4, "is_open": true}, "load14": {"p_mw": 2.2, "q_mvar": 0.7, "is_open": true}, "load15": {"p_mw": 0.0, "q_mvar": 0.0, "is_open": false}, "load16": {"p_mw": 3.2, "q_mvar": 1.6, "is_open": true}, "load17": {"p_mw": 8.7, "q_mvar": 6.7, "is_open": true}, "load18": {"p_mw": 3.5, "q_mvar": 2.3, "is_open": true}, "load19": {"p_mw": 2.4, "q_mvar": 0.9, "is_open": true}, "load20": {"p_mw": 0.0, "q_mvar": 0.0, "is_open": false}}, {"load0": {"p_mw": 21.7, "q_mvar": 12.7, "is_open": true}, "load1": {"p_mw": 2.4, "q_mvar": 1.2, "is_open": true}, "load2": {"p_mw": 7.6, "q_mvar": 1.6, "is_open": true}, "load3": {"p_mw": 94.2, "q_mvar": 19.0, "is_open": true}, "load4": {"p_mw": 22.8, "q_mvar": 10.9, "is_open": true}, "load5": {"p_mw": 30.0, "q_mvar": 30.0, "is_open": true}, "load6": {"p_mw": 0.0, "q_mvar": 0.0, "is_open": false}, "load7": {"p_mw": 11.2, "q_mvar": 7.5, "is_open": true}, "load8": {"p_mw": 6.2, "q_mvar": 1.6, "is_open": true}, "load9": {"p_mw": 8.2, "q_mvar": 2.5, "is_open": true}, "load10": {"p_mw": 3.5, "q_mvar": 1.8, "is_open": true}, "load11": {"p_mw": 9.0, "q_mvar": 5.8, "is_open": true}, "load12": {"p_mw": 3.2, "q_mvar": 0.9, "is_open": true}, "load13": {"p_mw": 9.5, "q_mvar": 3.4, "is_open": true}, "load14": {"p_mw": 2.2, "q_mvar": 0.7, "is_open": true}, "load15": {"p_mw": 0.0, "q_mvar": 0.0, "is_open": false}, "load16": {"p_mw": 3.2, "q_mvar": 1.6, "is_open": true}, "load17": {"p_mw": 8.7, "q_mvar": 6.7, "is_open": true}, "load18": {"p_mw": 3.5, "q_mvar": 2.3, "is_open": true}, "load19": {"p_mw": 2.4, "q_mvar": 0.9, "is_open": true}, "load20": {"p_mw": 10.6, "q_mvar": 1.9, "is_open": true}}, {"load0": {"p_mw": 21.7, "q_mvar": 12.7, "is_open": true}, "load1": {"p_mw": 2.4, "q_mvar": 1.2, "is_open": true}, "load2": {"p_mw": 7.6, "q_mvar": 1.6, "is_open": true}, "load3": {"p_mw": 94.2, "q_mvar": 19.0, "is_open": true}, "load4": {"p_mw": 22.8, "q_mvar": 10.9, "is_open": true}, "load5": {"p_mw": 30.0, "q_mvar": 30.0, "is_open": true}, "load6": {"p_mw": 5.8, "q_mvar": 2.0, "is_open": true}, "load7": {"p_mw": 11.2, "q_mvar": 7.5, "is_open": true}, "load8": {"p_mw": 6.2, "q_mvar": 1.6, "is_open": true}, "load9": {"p_mw": 8.2, "q_mvar": 2.5, "is_open": true}, "load10": {"p_mw": 3.5, "q_mvar": 1.8, "is_open": true}, "load11": {"p_mw": 9.0, "q_mvar": 5.8, "is_open": true}, "load12": {"p_mw": 3.2, "q_mvar": 0.9, "is_open": true}, "load13": {"p_mw": 9.5, "q_mvar": 3.4, "is_open": true}, "load14": {"p_mw": 2.2, "q_mvar": 0.7, "is_open": true}, "load15": {"p_mw": 0.0, "q_mvar": 0.0, "is_open": false}, "load16": {"p_mw": 3.2, "q_mvar": 1.6, "is_open": true}, "load17": {"p_mw": 8.7, "q_mvar": 6.7, "is_open": true}, "load18": {"p_mw": 3.5, "q_mvar": 2.3, "is_open": true}, "load19": {"p_mw": 2.4, "q_mvar": 0.9, "is_open": true}, "load20": {"p_mw": 10.6, "q_mvar": 1.9, "is_open": true}}, {"load0": {"p_mw": 21.7, "q_mvar": 12.7, "is_open": true}, "load1": {"p_mw": 2.4, "q_mvar": 1.2, "is_open": true}, "load2": {"p_mw": 7.6, "q_mvar": 1.6, "is_open": true}, "load3": {"p_mw": 94.2, "q_mvar": 19.0, "is_open": true}, "load4": {"p_mw": 22.8, "q_mvar": 10.9, "is_open": true}, "load5": {"p_mw": 30.0, "q_mvar": 30.0, "is_open": true}, "load6": {"p_mw": 5.8, "q_mvar": 2.0, "is_open": true}, "load7": {"p_mw": 11.2, "q_mvar": 7.5, "is_open": true}, "load8": {"p_mw": 6.2, "q_mvar": 1.6, "is_open": true}, "load9": {"p_mw": 8.2, "q_mvar": 2.5, "is_open": true}, "load10": {"p_mw": 3.5, "q_mvar": 1.8, "is_open": true}, "load11": {"p_mw": 9.0, "q_mvar": 5.8, "is_open": true}, "load12": {"p_mw": 3.2, "q_mvar": 0.9, "is_open": true}, "load13": {"p_mw": 9.5, "q_mvar": 3.4, "is_open": true}, "load14": {"p_mw": 2.2, "q_mvar": 0.7, "is_open": true}, "load15": {"p_mw": 17.5, "q_mvar": 11.2, "is_open": true}, "load16": {"p_mw": 3.2, "q_mvar": 1.6, "is_open": true}, "load17": {"p_mw": 8.7, "q_mvar": 6.7, "is_open": true}, "load18": {"p_mw": 3.5, "q_mvar": 2.3, "is_open": true}, "load19": {"p_mw": 2.4, "q_mvar": 0.9, "is_open": true}, "load20": {"p_mw": 10.6, "q_mvar": 1.9, "is_open": true}}, {"load0": {"p_mw": 21.7, "q_mvar": 12.7, "is_open": true}, "load1": {"p_mw": 2.4, "q_mvar": 1.2, "is_open": true}, "load2": {"p_mw": 7.6, "q_mvar": 1.6, "is_open": true}, "load3": {"p_mw": 94.2, "q_mvar": 19.0, "is_open": true}, "load4": {"p_mw": 22.8, "q_mvar": 10.9, "is_open": true}, "load5": {"p_mw": 30.0, "q_mvar": 30.0, "is_open": true}, "load6": {"p_mw": 5.8, "q_mvar": 2.0, "is_open": true}, "load7": {"p_mw": 11.2, "q_mvar": 7.5, "is_open": true}, "load8": {"p_mw": 6.2, "q_mvar": 1.6, "is_open": true}, "load9": {"p_mw": 8.2, "q_mvar": 2.5, "is_open": true}, "load10": {"p_mw": 3.5, "q_mvar": 1.8, "is_open": true}, "load11": {"p_mw": 9.0, "q_mvar": 5.8, "is_open": true}, "load12": {"p_mw": 3.2, "q_mvar": 0.9, "is_open": true}, "load13": {"p_mw": 9.5, "q_mvar": 3.4, "is_open": true}, "load14": {"p_mw": 2.2, "q_mvar": 0.7, "is_open": true}, "load15": {"p_mw": 17.5, "q_mvar": 11.2, "is_open": true}, "load16": {"p_mw": 3.2, "q_mvar": 1.6, "is_open": true}, "load17": {"p_mw": 8.7, "q_mvar": 6.7, "is_open": true}, "load18": {"p_mw": 3.5, "q_mvar": 2.3, "is_open": true}, "load19": {"p_mw": 2.4, "q_mvar": 0.9, "is_open": true}, "load20": {"p_mw": 10.6, "q_mvar": 1.9, "is_open": true}}]}